file_path,sha256
Apps/Get-1Password.ps1,92683e8cc0d448a07de234b72c294de79cda0a71e93fe81a4cf3daaa65934728
Apps/Get-1Password7.ps1,4cbb2d1c0b974b04aaef6b7f3383256becaf12a2fd80abf200cb32b2af3a380b
Apps/Get-1PasswordCLI.ps1,6fba079c289e1642f9fefe129df9c4d481bb883281f836e9ad23654bbb1192df
Apps/Get-7ZipZS.ps1,968388892ff6a52a883573a3d7d86c0bb726ec2736a4f8bfc834161c7dc69255
Apps/Get-7zip.ps1,95c36f7a8936f6b57eee2a4029a0fbeee32f1a863dc9a5cec3543ae3a1ed1df2
Apps/Get-ALMToolkit.ps1,ec79672102d1456d57c29aa0bea4057a8617e581148a540b0a8e6ff2fb0068d3
Apps/Get-AWSAppStreamClient.ps1,a4aba562cb32bfa93c485a02d5e265ee0630d126f47466fbe13176452d203ada
Apps/Get-AWSCLI.ps1,09d55e02d56230a3c43dc77295c1e7b3e239d618c1b0ba62e0d2de5482bb3ffe
Apps/Get-AWSSAMCLI.ps1,2fecb63d31a54eeb91df04234ea6bdf060b1296ba06b2866629954c453737c5f
Apps/Get-AWSSMP.ps1,0b566e4aecdbed471a3851b8068d553c1ccb75e25fa9b01220cc905dff084eed
Apps/Get-AdobeAcrobat.ps1,f42fd02341f546ec54528550bf57b2d19e04c74e06e629a82800b2738f71fb99
Apps/Get-AdobeAcrobatDC.ps1,289db8b7a4644043883c59aa4bf9163ed168471b9cf1e96fce2da423c25e41a8
Apps/Get-AdobeAcrobatProStdDC.ps1,d6a5ec570c8222b147a917e71e398c51af530de2e8c364b8af410da73a5fc0ba
Apps/Get-AdobeAcrobatReaderDC.ps1,490d11fb73148cb2a05fc826f7d92f85a7c75506a51eaeb32258c45967e2d214
Apps/Get-AdobeBrackets.ps1,db76f4398df3531c4b75ff3fbad357fd57d7a4caf1a388467813dc0ed9f941db
Apps/Get-AdobeConnect.ps1,916bce8538fd6a266044648610f1731c37ee3a81f29d6dce266bcf4e09823fd9
Apps/Get-AdobeDigitalEditions.ps1,5e025b6db888295fbc45c63dc306131021b39ddacab768eb92aa3cf03f56df19
Apps/Get-AdoptiumTemurin11.ps1,9e14913f1ca1aa8ab0682d33b15354cc86f4df515355b02a8207bcccf84fe6ce
Apps/Get-AdoptiumTemurin16.ps1,d89acccef71cd6b61bc13fec4eb48fab8144527d3edff6fb3e518b749b0a9dd7
Apps/Get-AdoptiumTemurin17.ps1,8be033ebde213419255e77c03fe98389aa5ba6c9801898336ff49ebd405af22c
Apps/Get-AdoptiumTemurin18.ps1,21bf531999aa75050c3f7461682219b8b8352aed3ce68f72f6c0b63dd82547bc
Apps/Get-AdoptiumTemurin19.ps1,59c0394ce0291bb185fe5fc66e2b6949e90714908b1e08fd7d5373bb4f98d8e8
Apps/Get-AdoptiumTemurin20.ps1,b538bc87a234825b7848d40a315fa189a6d36df3e50b554cb6bafd2ff6ce117d
Apps/Get-AdoptiumTemurin21.ps1,94180a10cc6141e84bb3849bd3138cb520dcb0cbbb930ddee6fc8e7f15bbe61a
Apps/Get-AdoptiumTemurin22.ps1,480ae5b4b89bf1b53a243dc1b39d19518cd28bb7865c21d969b6433457af5bc2
Apps/Get-AdoptiumTemurin8.ps1,df5dda8f20a0e561295ffac17ebdea9d606564923b5ff202dec9457798c77f53
Apps/Get-AdvancedInstaller.ps1,08eda9ce747bfb99cfaad6c60090f8205e46b9c4816f5fd3a3d6f101645e8fe1
Apps/Get-AirtameApp.ps1,2bfe3f568c46e8a212a31ec3f4d548fdc034f0dede3033f088d976e4858f75e2
Apps/Get-AkeoRufus.ps1,c1571b8f48c829777268b0060001633f9b7665a9f5ae554e2be3787a17a88191
Apps/Get-AkeoRufusAlt.ps1,789c2459af3a4b8bc74bd872a408b42f4731cd65c10525f8ab2e451a3b015621
Apps/Get-AmazonCorretto11.ps1,c1452d16f1e60dfc7b75bc8c5633334670cdffe9ce9e2e27f60729f9986063a0
Apps/Get-AmazonCorretto15.ps1,ce14fbb3029030547eb4cb9eb370f289846d047eae15251a5874190c1fc75a74
Apps/Get-AmazonCorretto16.ps1,5ba07d4ec3831d9b7b5f811c79b1037ac8a3d3d3ece2bbf4c80eef6cc3561548
Apps/Get-AmazonCorretto17.ps1,3fb936c83de8ed58a8ac8f15fa2d30f7b60fe95110683c6447ca613c4772a7b8
Apps/Get-AmazonCorretto20.ps1,faa3ee6b17079e7e3e52c428d8245b34a973d051d360675aa32d85469d744183
Apps/Get-AmazonCorretto21.ps1,fec2e57169195ba63ca58b4fe39a8f3f625cb7684e53cadf07a9b42da5b48f91
Apps/Get-AmazonCorretto22.ps1,d37d42d5ea450d500df0e941789116e621ea942094deb3885147aa4614f62ff3
Apps/Get-AmazonCorretto8.ps1,0082951455736b468d2c48caad7db17878fe8f98f9629f583a2f8a9346629dad
Apps/Get-Anaconda.ps1,59db0196757b2be55cf0cd238fde1d0eb973439b3dc93d4ebc6017a36f8f5867
Apps/Get-AnalogDevicesLTspice.ps1,7532ef8c8d25c84802cf12e76bc1cdd40bb5b05398b7ba2413fbff3f7962bab8
Apps/Get-Anki.ps1,888105831d5c2ef60d2a7d55115bc2e93b2b8f779a2b0ee5782ab10399320bfb
Apps/Get-AppVentiX.ps1,895ef80e963042b385efc3885e60b510445ccbaf9f3e94a5f36c476402a3ba0b
Apps/Get-ArtifexGhostscript.ps1,7b67ef81db1248de42df7534b1530fe504e93262458b3518615edd50e8eb851e
Apps/Get-AtlassianSourcetree.ps1,2a4fb53300d34972c0fb59a2a315fa9e455ca9e2a10983f85656b38f56e47a36
Apps/Get-Audacity.ps1,22324bf04cae23bcbe2df0e1833b251683b20a7d66892f9dbb4a0d9a32c4b9e1
Apps/Get-AutoDarkMode.ps1,18a8a355d4047607a4f4a5fd8a9cbc1f71e3acfc60b31fdd2f8459d1e339e8e2
Apps/Get-AutoIt.ps1,f85edb09a4a2636316841f30a51e7ef8ee05d33e7a342a9e52a1e480d2bca69a
Apps/Get-AutodeskFusion360.ps1,2bdda8f411203c686a3e55f0336bb0519884310180cd132366a5473e723d6e0c
Apps/Get-AzulZulu11.ps1,ca718c2c18a74de6b9f0ae104ac7aa6988eef036e23b63defb863827e1ea6749
Apps/Get-AzulZulu17.ps1,e0da27922febafb69c81ad1aeffb4a0fd7e60d0a1da58251d22cd48d4f2cd792
Apps/Get-AzulZulu21.ps1,db57970b5ee79d566908ed8ff41ac774a4345606b357f20ae6a1a5d157dc3b3c
Apps/Get-AzulZulu8.ps1,87ec8a665138c1d90d8817a804f49dd6677457a92654189f39184d038bc28644
Apps/Get-BISF.ps1,f4f32c29504013e654c8f6f2c36d7f868c126fde01ba1c206e6a7a2c0dd90cf3
Apps/Get-BeekeeperStudio.ps1,5a36216b908d5781546cf32a4690d9c3429480491613e35b4640174608fabf04
Apps/Get-BellSoftLibericaJDK11.ps1,3bc6282102224c99d60b7a717860cb4c5115a5c5079f846346ceaa210e125dc6
Apps/Get-BellSoftLibericaJDK17.ps1,48236873714c49dd82d3230f2f6fbd7a6d99903c5b7b6f7730acb9cd8bb1718a
Apps/Get-BellSoftLibericaJDK20.ps1,cab468dbdb84e183d695ba8780c2db774c52ea45dd0583e74f4c33e7571dd2c9
Apps/Get-BellSoftLibericaJDK21.ps1,4de633054d4d3adf61ec436b808ff10a692d75efeda1b57688eae5d977913746
Apps/Get-BellSoftLibericaJDK22.ps1,6b8a30e30897b0b6b6861c733cd399a7b3744c2fc9c1a232c60f439944ee3031
Apps/Get-BellSoftLibericaJDK23.ps1,c85b20f63dc9c68e77957d47668f05b629f1e68a28484dddd10060e4fdaa9b02
Apps/Get-BellSoftLibericaJDK8.ps1,dd0801a700dcd4deafe115eeb5a5440ddada40515eb6c788f3f7c6a16c5ec6ef
Apps/Get-BitwardenDesktop.ps1,22e3e17df4e016b86b28ae14742aeef1e8a5fc2232edaf80dbc48f4bf6ccaa20
Apps/Get-BlenderLauncher.ps1,399b05a7810bcc893c8d74ccc996b24897d2d14b123862d32fa65bc3e639d173
Apps/Get-BlueJ.ps1,faeb5ed48b554a020434a521da42d7ba8a90cbc22dd46746a118452d6940926b
Apps/Get-CendioThinLinc.ps1,2df695ca6146d4938f81fee291b7d6a1773361031209a3a0e61b18ca320f88d9
Apps/Get-CitrixShareFile.ps1,883da72d2d849de0994fae4ec018310d6bb20bd33c56c6a9b5b71d7711579990
Apps/Get-CitrixWorkspaceApp.ps1,9dd3a1807a081845ce57b5ab3ec95265d18afafd3ddc35011101034dfa58c4b7
Apps/Get-ClarivateEndnote.ps1,a7f13e037d2ccff6ee886f9f5d0731b3b89ff39b61a1fc5ec3f7f7d50e711c91
Apps/Get-CodelerityApacheNetBeans.ps1,e6eb208830bc07e1faef19cb76d419f16665d9f6239dbe4e825050574862d5f7
Apps/Get-ConnectionExperienceIndicator.ps1,b7aedf2b1be03b32faf2dfe168c5cad8c4dbf9ee703a432d3825f52fa72d4f59
Apps/Get-ControlUpAgent.ps1,ba75d2d8a3b9bfa3c8d83acc172481ce4a6ce3378b42aa40d0206ad5fbc9d444
Apps/Get-ControlUpConsole.ps1,458ddba8af7dfa8670e1d626d42a1d0efc25138c33d2fd65b885ab7f773bb0c9
Apps/Get-ControlUpMonitor.ps1,5e3f9733e935bdaccbff04c3aff6667f0aff10dc0b761432565600521266fdce
Apps/Get-ControlUpRemoteDX.ps1,c22874ed30d3d53548b439796a633e9df0b4e16f79c7e087be77f4c814941634
Apps/Get-Cyberduck.ps1,dd6ce842dd2a74c75a9b934f597c4a858db81a2621398d6c4e9223fb23203dae
Apps/Get-DAXStudio.ps1,52bb489e35c9d4d2e7f2cbab52fbfea530e24c7d0056016288ea0195393d15b3
Apps/Get-DBBrowserforSQLite.ps1,2d183255cb439773eca58aa7be785319e77cd945488c4039885db77f58c2ad72
Apps/Get-DebaucheeBarrier.ps1,5167674735a1f23d6f1524ce27aa948b8a8c427f790eb277d95ca5bd55387b3a
Apps/Get-DevToys.ps1,ca9427dfa6be86fb4ab9586695ddf96de62b4c214936f076fc99a001709adab5
Apps/Get-DockerCompose.ps1,454ceabfdb13ed653ffe09f99e5c031b1b696610287fb07f39ee44b10d58443e
Apps/Get-DockerDesktop.ps1,cf1deaa04f35c9b92f220f770fb72c5485ab58a090973647af4fa384a21c74b6
Apps/Get-DoubleCommander.ps1,c310c106271266dbe8cb3a9f8755b62c4f26438c993142478e720016346a5873
Apps/Get-DrataAgent.ps1,b9f1f831eb50083b711a78dde587d8a571c56931adefd644c0aed18f6d25aa6b
Apps/Get-DropboxDesktopApp.ps1,277af602b77c80278a5af20fc1e5c4f6aa812d831399f7ff178e2d58db268b57
Apps/Get-DruvainSyncClient.ps1,ea9e82019035b370527a556f77ed7e9136e3738174e476d2b99420a5cd5a0b28
Apps/Get-ESETEndpointAntivirus.ps1,db21d0c111137d52b415d7b8bb388ebf7243cebc9890b776f804cfd30c91e7da
Apps/Get-ESETEndpointSecurity.ps1,c7135ae8b3b27c9d71e91a9a9eb9dacdc54efdcf0030af1c6e759e773757e964
Apps/Get-ESETFullDiskEncryption.ps1,2b9ac362bb15308116a913a539b5c8235aaf94c4d743d020b7eb6a4ca6e1c770
Apps/Get-ESETInspectConnector.ps1,dda02dde7c065a3761c3ec81b40c5c52b4c79c2d4e718ed2f851a3a08ecde2c5
Apps/Get-ESETPROTECTServer.ps1,6a69643a20e12d03b6f382ce4c9bcc5c5952bec9b8eb3180ab469ba2d71cbbdd
Apps/Get-ESETSecureAuthentication.ps1,b3014adbf4c1bf9dbfe370d7d372551fb99f18a40e9b207331f13313ffde2960
Apps/Get-ESETServerSecurity.ps1,dd4b589452f29df6e1cdb7c83aae308914efab98216ac5db9b1999948c16b643
Apps/Get-Eduvpn.ps1,83d8f041b66a2f9ecf050523dce55d982289034567b129870dee1f804aa45873
Apps/Get-EgnyteDesktopApp.ps1,17a8b6eede342f18a228ea61554c1207d5d84ccef9da81f87d3105fdc11f0231
Apps/Get-Elgato4KCaptureUtility.ps1,5b0ecf1d18f3da21a5a2bfd613fdf7f8b3f023657b7dc29649155c379ec8d87f
Apps/Get-ElgatoAudioEffects.ps1,cd8db7036855060b3c8dd3a51861f00b77c5258ff589b05b7ff506763bdb4945
Apps/Get-ElgatoCameraHub.ps1,69fdf4e1df9306f4da76b6b9411e05aa90e83bd62046e913a7f9144bedbf1e61
Apps/Get-ElgatoControlCenter.ps1,59e903a20c05d2c5024680058c553e446c4242810f80bba5a35d20f1fa69e68b
Apps/Get-ElgatoEpocCam.ps1,1b0d6014ba71e97944b7117db12500751158fa73716210de5b2b4d8972baf001
Apps/Get-ElgatoGameCapture.ps1,4d8397ecc4d13decc4374e3b10bda051235a667e4ef373af3e5047f705b19a7b
Apps/Get-ElgatoStreamDeck.ps1,3a1353b38a5af2ece5d49ecf1ab3530978f8ec542cf33d7b2d330825d89b34ce
Apps/Get-ElgatoVideoCapture.ps1,a27369f6bf4581fb44d118f7ce6ed1e3eabb66842245bc4e96a37b5a34c43d6e
Apps/Get-ElgatoWaveLink.ps1,74b13441091236d078eecd0f48f82564ca474d635a6b2014ce20cf1e819b3f5e
Apps/Get-FigmaDesktop.ps1,10e09971a2c7627e497d2378aec358ad2c300d5824f7731a5cf992dfb9b68af1
Apps/Get-Flameshot.ps1,223e99b8a4d364b8e797380441259d619408d8ebf0b19606736a7f543437e5c2
Apps/Get-Fork.ps1,d07683eb5593d7a48fc4b9e629a8b627868b6cc1f81eb521db9cbf17f0dc69d9
Apps/Get-FoxitPDFEditor.ps1,2d8d71b573f6e052fc8eed810820e62e679edd817c230fa6d8cdb9f0c789d209
Apps/Get-FoxitReader.ps1,dab44e3c110f7f49a169ccce4096689280998cae8662593f38e8b3bc557d79a2
Apps/Get-FreeFem.ps1,47a71ea81cb23e3a1db042d48e28d9e1c9dc4bb496aed2e09dbc8f9fbbf10830
Apps/Get-FreedomScientificFusion.ps1,d128d6441435d6ac6b778f504a0011daba5be0151f94b59bdcf4fd7b99de72b3
Apps/Get-FreedomScientificJAWS.ps1,1110177b980b786d89594ce64b71c30350673454640dc1db65b20dd456289b6e
Apps/Get-FreedomScientificZoomText.ps1,a7b3e6adcd7fd1f8229800c2c38d496eca38a7e08601c32c6156a35635644fd0
Apps/Get-GeekSoftwarePDF24Creator.ps1,4e4b05e09c4c25432b3e08f664b93540c20554c41ee821818c69b2fa012b2daf
Apps/Get-GeoGebraClassic.ps1,d992feba6c36eac6a805b0ce5e931c61e32e47a5ebc7ebd1fc734c70f4977080
Apps/Get-Gephi.ps1,269e007596d59b5f25a22297993064bf0e5a1a27d1795caaad8ee8406c1d69f0
Apps/Get-GhislerTotalCommander.ps1,694df4d8a6322f9e3213dd191b725195f8da1bfa2e18849f673d863873e8c3b3
Apps/Get-Gimp.ps1,11285c78f96245ee4025fea62f84d2e5422bb98d916195883cbd07eb427635ee
Apps/Get-GitExtensions.ps1,7ba72b4d40cd3bafa8eb360d2e41e806a90f8dc1c3ccd4835d956acfe425bcd5
Apps/Get-GitForWindows.ps1,17b6fa0ca8c2a38933e891008bfd47666ca22a45febb14502a3b1c7408633d18
Apps/Get-GitHubAtom.ps1,39167e258777eb1e1243a43e5eef4b8597339dcd85d7c55d680d65369dc0c774
Apps/Get-GitHubDesktop.ps1,c501c5f43b7e8547c11d400f3eac7fdfefa5b9db1f096d5eb286ef5d1becb173
Apps/Get-GitHubRelease.ps1,76d849d997fdc63c3830649b016e514634bd6f0d0cec4edd6902cb950be87f91
Apps/Get-GoToConnect.ps1,38cee4b7b27cf0c364b8ae7f3fc261c23abffc052d6e1e523e21459e054f5fea
Apps/Get-GoToMeeting.ps1,f3b625b05a9ac8e344455a8334b85c9a52a27878a25240b68f53fa683c7ba8f1
Apps/Get-GoToOpener.ps1,879c6d9cd4e1b457d31f7086ec0e9497bdc3d6feef46afcae8b776adc8831507
Apps/Get-GoogleChrome.ps1,acb1746be46a1e98ba9701724b4dda7a86ff9f9c4dc184ecf103c2604428b996
Apps/Get-GoogleChromeDriver.ps1,25d1d26946f0a23ae91dec90ccc3a0b4d5d1d9fd0f579dc7d163caa764b960df
Apps/Get-GoogleChromeForTesting.ps1,29dd7047f49d05f3fabb5671778037285aa90662e61d1506c8160349a6cc0978
Apps/Get-GoogleChromeHeadlessShell.ps1,aaa6989e1ebe016d0bf2b79bc6139a51f6921ae35bf6ca818b670097123233cf
Apps/Get-GoogleDrive.ps1,87a7af0bdca5d17f8b0bc4055854da33bd0518ca55ccbd8c88bebbed151202f6
Apps/Get-Gpg4win.ps1,ee22a9d836587b18db2adb368bcb317a074b0f54c350a8768dd9b8bf9f69bcbe
Apps/Get-GrafanaAgent.ps1,973f467dc61bb883e7d50b5644b2dc46c975cd20247b64ba226023a1c9ed9be4
Apps/Get-Greenshot.ps1,c83747dca419bd0780df36467bb31749cb9e57f0b2fe66b452ecbebc4610f484
Apps/Get-Handbrake.ps1,160ae539e1a791b1ab2f7bf18d10865de062fe095c271ddd5417d81e790d74fe
Apps/Get-HashicorpBoundary.ps1,038752e42fc66bc83941960ebd9cbbc0ccb5d8e0e3dcdd9d028bc89fe181b67f
Apps/Get-HashicorpConsul.ps1,9fce496a1e1d66c45740d993aff51734abb7b07e2b17870dbb548adac18ad46f
Apps/Get-HashicorpNomad.ps1,4962db011e0170ea36ea9f2cbb9cf5c1e83d2af7ec706fa602b8cf9098be2037
Apps/Get-HashicorpPacker.ps1,dcfc224372b9ab7e4be93ca495dfc27d0e2c4369ec40447a8153ea55bca6cccf
Apps/Get-HashicorpTerraform.ps1,4a81a91f50e7c1325842a0e558d0252d51ce393e8dc2cf592d7f4ea045fa4b98
Apps/Get-HashicorpVault.ps1,dd1003f53a73370f67e17c1114a238fdf02519bd6fd80c6fbbc19043511cba96
Apps/Get-HashicorpWaypoint.ps1,36a6b3bf5eed8cc366fd27a1280f25abfcdf01570270513190d98b87e19486fc
Apps/Get-ImageGlass.ps1,2f518ec90621675d2645b945308bcee9f6108000790d12533b29a1e671f2df22
Apps/Get-ImageMagickStudioImageMagick.ps1,471aa93199638640aa4fbaf3bce94093f582ca5cf32a870d7dd3d55efa027fc7
Apps/Get-JASP.ps1,048134aacf6a70981ce285ea0ad4c0e1f0b189e5b1e9c19bbf5bdb875fc56d3f
Apps/Get-JGraphDrawIO.ps1,85f1b1e410e2db39e83d284f03c1adf8a91f4f1736c2c3cf3069bb55e73f8969
Apps/Get-JabraDirect.ps1,8618d622d6402732c9a9bfe74e7ce3839f66d51dfcb07bd683d86fb436a8c951
Apps/Get-JamTreeSizeFree.ps1,4b9830650e1809669d9268649c2743891dc271ea4b53383acabf1f76639dd60e
Apps/Get-JamTreeSizeProfessional.ps1,5330a4463997635d00ffb4da751c40f2aa499c408b39bcc2c1b97d8d0b08f838
Apps/Get-JeremyMainGPUProfiler.ps1,b3038fd9a5ac8d26518be60b5675f72fa9f331c935a0dcf089bb450b479a8350
Apps/Get-JetBrainsCLion.ps1,58868234da43f74a7cfb4cb79e5bc662f398c573beca19d21b167647aaf159f5
Apps/Get-JetBrainsDataGrip.ps1,2d0426b3d4940c7611f6ea3111d38cb85fe8c048262870451fc2bf65b5553afb
Apps/Get-JetBrainsDataSpell.ps1,71e29564208f2cb5a77dd52f8f502999561075e5fdf97858d7bb703278645418
Apps/Get-JetBrainsGateway.ps1,9d7ff0c9f2e2b1ae470942968666304bf04aa9e0fff6a9a37ef62ec7f9c0c832
Apps/Get-JetBrainsGoLand.ps1,dc75a2335a6d332abfb2a1b3c55e3756a2b687b663bf21a359e8a91a96e896ce
Apps/Get-JetBrainsIntelliJIDEA.ps1,7d6a4dce55909f3ba927c429d3c3dcf76662f2b25e12c8694b895cb8459a7504
Apps/Get-JetBrainsPhpStorm.ps1,404468a0ed7d7692f5b69da32b62e0d6916eb1151e44a09178e734979d57ef7f
Apps/Get-JetBrainsPyCharm.ps1,ea6348fa1c914ae165f94fd6ac019f566823835a4ae6aed3083c01f50c5a798a
Apps/Get-JetBrainsRider.ps1,da0b9fe67c6e73dd91ffcb7fe239ac81a241f8f3c37d8f7377f75a71ccdddfdd
Apps/Get-JetBrainsRubyMine.ps1,d3d58b51e60d782b7bc176a39abcc34c8932ccae6fb543d0fc704aa4828f7cf0
Apps/Get-JetBrainsSpace.ps1,2a552d88ff9964a3a692efcc5caea8ef85469caba2865eb8b6b2db338dc49eb1
Apps/Get-JetBrainsTeamCity.ps1,404bd6b44a54d417ed7a465eb8503de7ba6d58aac4a3f8e7099783c1ee44e065
Apps/Get-JetBrainsToolbox.ps1,3a5329b1849814e3a36e7918cd0ae5e86cd39f4272acc7870abfe3c7063ef7e3
Apps/Get-JetBrainsWebStorm.ps1,202ae4f776d5323b73c66a474474c698a70337389498e905c6489f44a0c2c88c
Apps/Get-JetBrainsYouTrack.ps1,9a68d4be5eb6ece15f8760baf9a3ae570d261fba54dc329a25b5adb6685d0c26
Apps/Get-KDiff3.ps1,9ccd8f69534844c4000246e146efae1f828a561ad0be31b086a7bcccbc9c552d
Apps/Get-KarakunOpenWebStart.ps1,66fead2aedcb549be9e247199cbb4c3ab9d2ecce8ffb1c65bca27a92ff67a2c5
Apps/Get-KeePass.ps1,4fba7e636ad2ccf3def4046652e754bed2542995bf0eb691ddfa944fefa8c7ee
Apps/Get-KeePassXCTeamKeePassXC.ps1,c58060e24e0266c1b199eff21714a1c81858cf25629fe170a38e38da66c8f856
Apps/Get-KeeWeb.ps1,5fe8e41d706e167ce0822704e034d51f26d25e7b8de256193d67f1e050966307
Apps/Get-KubernetesKubectl.ps1,91d9c2f35fae523686dcbcfe651cd2d1bfa8981ab28e92a0611caea24614af6f
Apps/Get-LehrerOffice.ps1,1dbd5ebea4ff49afd2398bb6e932d732a13c5a57107a467861ae0cf42f63236f
Apps/Get-LibreOffice.ps1,e403a950bdc1693db6636da7de91a7808b8501506567f8321bb0a913b01c40ca
Apps/Get-MSIXHero.ps1,28c1137bf1d2545368bc79f7c750e453ddb511941a47d773d35672f0a1147253
Apps/Get-ManicTimeClient.ps1,bcd99a39682d153c1019edf409dcf4ac01bd8b6da27df37bf24977d08b370b65
Apps/Get-MarkMpnSQL4CDS.ps1,629bcf807aaf164ab3eda11b6efc00d010496b4826e780c50121f3d937291875
Apps/Get-MasterPackager.ps1,00c63c9d9745f462c741b9b3fbf20843a1a97793277cda20a745cce44ffa90e7
Apps/Get-MattermostDesktop.ps1,788d07c9a97547e61b0a41e44dde3bd5a749c00bba9109f31b8e1db34263dd7f
Apps/Get-Maximus5ConEmu.ps1,50b5a7fc2e895e6f26d4a9fcc063eb522f0c01503f435589cd47f58b156381bf
Apps/Get-McNeelRhino.ps1,cfbb9e791f98e03ddbc8c75e11731a3abb847d10727b144d60fa2c9d67f9eb7e
Apps/Get-MendeleyDesktop.ps1,fb03e863e86e85b1df1cf1cf929573a04bc3c10b5200a83856d7610c0772e949
Apps/Get-MestrelabMnova.ps1,8d90f773ca402d677051a31a0fa1ef2dab5423e91bec347657dabf718106f5d6
Apps/Get-Microsoft.NET.ps1,d9a89cc775fa73088bb24f75cfd840fa96319ac51d4decf430a273b94489f0b6
Apps/Get-Microsoft365Apps.ps1,2406add52c10befd67632ab652c6e1ccda3080766165b2c8423348bd48c79de2
Apps/Get-MicrosoftAzureCLI.ps1,d290cc9e9648297241dc103cea0e0f7bbc4e9f9fff539300aac91d1234b43815
Apps/Get-MicrosoftAzureDataStudio.ps1,1daac16e1f08d4b57958e2049fa4d2b0435a0f7995a91423561844303b425e4b
Apps/Get-MicrosoftAzureFunctionsCoreTools.ps1,063c0be7ed7ecfd924897d0754aeb14853c53753793346baf5f74e243069bd28
Apps/Get-MicrosoftAzurePipelinesAgent.ps1,5eb1d3f50ea7d994248c98431d1ad997c9e72b8b81992e85bee7a164c171f5e4
Apps/Get-MicrosoftAzureStorageExplorer.ps1,547e0cb266e491bed6ddb733ce8a1c4a73ca38e1149c5b1e626f061503453468
Apps/Get-MicrosoftAzureWindowsVMAgent.ps1,3d85f2f39a7579bea8c82cdaad300c3ef697544e74e906235ad4d97aed2e129d
Apps/Get-MicrosoftBicep.ps1,182bb956b04fe88014ce8366d94fb2de4ff45e51d238aae90c200be82671333b
Apps/Get-MicrosoftBotFrameworkEmulator.ps1,1e126a411f0e523a4edbfd8a2057a64e42bd7a31ed32bd770f80e966dee01875
Apps/Get-MicrosoftEdge.ps1,488f0919d3de572af9dc1e3e4530411772d28854bc2098194c20f85e501e1d4a
Apps/Get-MicrosoftEdgeDriver.ps1,415bc795405d507ad96dbc3e0ee25a08ba58711e0c18d2a753d23eb49ff55b0a
Apps/Get-MicrosoftEdgeForBusiness.ps1,6977987bd18a42f707df40e9876d0d7da03c62abefab0b9ea9db67e48a2d9814
Apps/Get-MicrosoftEdgeWebView2Runtime.ps1,4b76a3b2d9ab8571e5a4c66c88fc235d4e57c0c51566f5602d0ed66b78f95f67
Apps/Get-MicrosoftFSLogixApps.ps1,c242407fee9ea0c41038a8095aa80e9e187619294434f32284555f876eea3680
Apps/Get-MicrosoftODBCDriverForSQLServer.ps1,236a2a6ddef913c86a9fce6dd2145b33c5b7e67c556fabd6a7bab3b850968dc3
Apps/Get-MicrosoftODBCDriverForSQLServer17.ps1,7a74628e9ccc5658a428daa23809a1315ebbf648d052a7cf8b35e6eaf60bb854
Apps/Get-MicrosoftOLEDBDriverForSQLServer.ps1,868521a339394fe24f15bcbf6f2bf2399d4e11a4efb8514107006dcc73271cd7
Apps/Get-MicrosoftOLEDBDriverForSQLServer18.ps1,fb9055d234ed7e17536797d06a1bca0961569235906e86a43f15639cce19c9f0
Apps/Get-MicrosoftOneDrive.ps1,b3314d4a5202e7103a619bc8fae2f1fedefdcab935b8330e1d7b9141441b5188
Apps/Get-MicrosoftOpenJDK11.ps1,276d0a8adfd0abf1cd74139f4b8202a2d2e8b7b05efdc4b063065b467439bfc5
Apps/Get-MicrosoftOpenJDK17.ps1,31d6d52b8933a0709de885e31ce67cd0792bdfee0b653f735e15a55405208bdb
Apps/Get-MicrosoftOpenJDK21.ps1,33d153a3025b40e75b99ac6d9d090bad82eaa2dee21630569c2b051331536c21
Apps/Get-MicrosoftOutlook.ps1,7b2eca3afe336d3b0fef255411fe8d9d288ba71a924922708f7fb11925667f2b
Apps/Get-MicrosoftPowerShell.ps1,ea7e6eb1abc3b4c3fc88c8992537d76446419837b63961eb1f4ff40b3a11de8d
Apps/Get-MicrosoftPowerToys.ps1,54f77d7230e2b32136c7707422efa1f958b5a419455f48afc75d719d3d4b9b67
Apps/Get-MicrosoftSsms.ps1,5337f37cf5254f3b9345c7b4ef26e3794c91a038cc21c653e55129ff01923009
Apps/Get-MicrosoftTeams.ps1,72399bd052ec1f3bb2ef2d8c1dc66932d093e2bd4849ef953c21fb52b7eab1f3
Apps/Get-MicrosoftTeamsClassic.ps1,cb61fe1e7f0242eb56c5edb162554e3480c907e0b22d7567eb0635c5ba717c33
Apps/Get-MicrosoftTerminal.ps1,fae8f8f42aab4fd91c42a10bede274b339319b20d865ce5820b04fbfb03ac700
Apps/Get-MicrosoftVdot.ps1,16a423bed2bae9fe79a7b71fc1fbd838554b3f82b8a639e3bcac4c147b280b35
Apps/Get-MicrosoftVisualStudio.ps1,f87dc832e48093cce10c2fef9901254e3d4ccd04918c1aa78684afeb6787ae18
Apps/Get-MicrosoftVisualStudioCode.ps1,73a70dd899f5ac4b09e6a727b67b3eb302e29342e72adb78545e92219975d5b3
Apps/Get-MicrosoftWSL.ps1,581b75fe5f0211fe6053079ad74b8a9a7ed9a0af5b5ecf336e31c7df940c12e3
Apps/Get-MicrosoftWindowsAdminCenter.ps1,d0c507e4da5b664c8861447c146255e1610516ab8feb33d5de9412262eb1975b
Apps/Get-MicrosoftWindowsApp.ps1,a66503bdcb49409809242025b25dcee3fdad38b187903859b270d50acc87f282
Apps/Get-MicrosoftWindowsPackageManagerClient.ps1,8bdc4c6a13462b3ce3306b9d54d7ddb94a27d47bb58b8371880f09f4b0fa85d8
Apps/Get-MicrosoftWvdBootloader.ps1,79c5467c60a7ac63905db45b51f6cf3064c70cc83299af6fb743a6822fbbb1a0
Apps/Get-MicrosoftWvdInfraAgent.ps1,ec297429d1fa0c255c9ce0358c2bd079d5ba4f97d2b229e95a78d28d44eb3c07
Apps/Get-MicrosoftWvdMultimediaRedirection.ps1,68689e9d8a9c8069cfe6adcfd9ddc58bcb6e2725fa11a2225069502c2e6c27a7
Apps/Get-MicrosoftWvdRemoteDesktop.ps1,cec8c641f0e8c4d3e094d5ba79519f36f893a6ef085acce5f2e4acb9cd05a99e
Apps/Get-MicrosoftWvdRtcService.ps1,fafffcd37285b2aa94cf8ba6dad0d6c45618f83fbb9c3ed6abc68ce6440a25df
Apps/Get-MiniZincIDE.ps1,fef483a9fffa18d9542860599d5a862bd74b91b27316d84626b0c96309bf0bb2
Apps/Get-Miniconda.ps1,317bf72d5d4fe4d15c56ed7a265463beba2f0be99a9fcc4b7e6c881be395ae35
Apps/Get-Minitab.ps1,b38f91fdf8ea5ffac57887742318a00b6444f128440911348ec8e72614a5885b
Apps/Get-MirantisLens.ps1,4e755dc42fe0b6afd439fd65a51fedecab3ed68844c8b093f468009d26931b57
Apps/Get-MozillaFirefox.ps1,287ebdf6338ea08ba8d7cb940efa14f3750e37f2e7d5b65c02f5e8f7e09d5e2a
Apps/Get-MozillaGeckoDriver.ps1,7eefc0ea0535e79f8a6b95b1f02852e3b8de40f703bb42a8618ad14c8147ca30
Apps/Get-MozillaThunderbird.ps1,40e576543a36a300d62333a70d6c9e18edcf9c1ac186bb0daa778a508a3d5a73
Apps/Get-MuseScore.ps1,45f4a2560a842c496f96a61f60bfe26fc4f51c19f6373e9a9b536ee11233dfec
Apps/Get-NETworkManager.ps1,b30b9ed6b5625d63a810e51217ee4c9921acae8de23c998548827fae9759cb02
Apps/Get-NSClient.ps1,f920c70bc098e10aca19f1ca95403114230f3ca0400e91c1116478735d448dc8
Apps/Get-NagiosCrossPlatformAgent.ps1,9f2b14c6204ccf4f07b0077ead41571748c3d3d145fd513e32f73d96e6b27f9d
Apps/Get-NanaZip.ps1,75a8c4ce73d18f026d83a01185b4fdaea5b971df22d879920bf2d8eb4def7c69
Apps/Get-Naps2.ps1,f5eaefca223178a65ce4343b0f0767fbb69ab17e4000b2542a0e6f8228be5a5a
Apps/Get-NavimaticsWinFSP.ps1,9608f9116b77a41deb3b72b926dff58b0871fe73cf30323dec59ad9ed02f4710
Apps/Get-NetPad.ps1,a1fe998d031e7f065894f69bd9ee531a14e56af9eaff854d4915a1d89d2b9aed
Apps/Get-NevcairielLAVFilters.ps1,c074126e38b8a19c01736753a7f9eb39f691867a9273481c3148fc19a0865eaf
Apps/Get-NextcloudDesktop.ps1,8ae09f54b148b5dd4a61db6d0ad4e71ac4c73ea5073e070f8229a2ca667f1033
Apps/Get-NodeJs.ps1,6be9f0302627f7b19067ac001b8d0e2800f3666aadec478d122f53b64785ffa2
Apps/Get-NodeVersionManager.ps1,de0b247848c363aa0b173e9e06c73aac0d00e071bae85b6e96f5d549cab74cf6
Apps/Get-Nomacs.ps1,54e922a4bcc181165baf9bf2cc129e997542c61b998a5def133b32012a5e268e
Apps/Get-Notable.ps1,5619af844b51a67dd4f1362795afb51500046a1adee656f116680e647ceb001b
Apps/Get-NotepadPlusPlus.ps1,c40289b523b6e6d8a2cf21928e2641c46b0e2936ceade4807158a4b536574b13
Apps/Get-Npcap.ps1,9592c066a896bd241deb6617c0568eb325ab7673f3646a52dc6c532946f61998
Apps/Get-OBSStudio.ps1,72f216630059000e61338719513a1ddaad5df8859ffae21ae81b641ec11142d7
Apps/Get-OBSStudioAlt.ps1,1d30bc60511ef2ec87041f71ae16b5b875ae885d74becbb549eee83633ae315a
Apps/Get-OCSInventoryWindowsAgent.ps1,fe7dd8ab4e28f864e4550163e56f0bf25d1abd7c4ce3257d2b47691a817e1392
Apps/Get-Obsidian.ps1,67cce07274213164d3619c2e3650637b1356fa6f9d4f3f76de35422ab1b70986
Apps/Get-OctopusDeployServer.ps1,a5cf6f5d036126a526744a9d5ce8251d7e758d21b542d9d28ce35e9b8f96266f
Apps/Get-OctopusTentacle.ps1,b72252db9f45871305f533af9c49ab274c13410fc0d22e80dce128e35e7c1a34
Apps/Get-OmnissaDynamicEnvironmentManager.ps1,d31727acdaf369b4c0d97d82372ae103ba80fe4c8df3edf297273d01534aac6d
Apps/Get-OmnissaHorizonClient.ps1,94272941a28e194be583503b31f33d9c61c63c61771c98e78f7bf33dbcabb302
Apps/Get-OmnissaOSOptimizationTool.ps1,d0bac5fe1581e949e3e9c6bc4dd8291266b355a84bdb5dc896894cc39b708f3e
Apps/Get-OnlyOfficeDesktopEditors.ps1,b64a015c3f05fcf5f4a0ab77b66b3def5bf25d826aaedf4674f82cc307931b3b
Apps/Get-OpenLens.ps1,a613361c5661d7fc3479c15d1170ddf593815895aa07695b1d30c42d13c2f17b
Apps/Get-OpenShellMenu.ps1,b929178f6096389c5ad419533265ba82315cfad72fbcf67a50619fe0a90601cb
Apps/Get-OpenWebStart.ps1,bc6c937b975ecede82f73d0169af7d9fb6f80fbac4d4c51c8e8f88cbc55885bd
Apps/Get-OperaBrowser.ps1,a7c8264c26b58ab22c1d9ac0f555b5d9a2096e5fd97559cfa4c5fabc573ba930
Apps/Get-OperaCryptoBrowser.ps1,83161fb48b46fda8519713317699d231edc93fe7ebf801e846ab285098a2391c
Apps/Get-OperaGXBrowser.ps1,1da1529ff4ae946d33c87288dec51884470542f154404712951439758c77b82d
Apps/Get-OracleJava17.ps1,96130bbb3d69536c69fb34604d872838c1feb8b03eafca509f38a783e17a8161
Apps/Get-OracleJava20.ps1,e105ad61e36f454d1e04ca643dbc7072f8d2e057b2d8e37b3f38028d992543f3
Apps/Get-OracleJava21.ps1,104598edf2b2cb2ea3c1d41b59c9992e46f4a423c57e98d8dd2c80483732cb6d
Apps/Get-OracleJava22.ps1,b879181fe6752447f11e62b608a3cdfb90bde53244e4260a2e29a0edef41d405
Apps/Get-OracleJava23.ps1,de395a2571e6e416739b0cd9db423c3b8959b6235fa17e0525a873a7dbf0e0ea
Apps/Get-OracleJava8.ps1,f1663ea9e130e408add52649ec47f113f71456c7823bae9a4badb9f349ca87cf
Apps/Get-OracleVirtualBox.ps1,a9e3ab4f2ab717076db581abd057958c6129355221a695abbe9c717735a79254
Apps/Get-PDFArranger.ps1,a12a5fe9b1728c64b248eff4b248792dc0c99a59366caaf640f8fcabe650f62e
Apps/Get-PDFForgePDFCreator.ps1,531b4aff5de02d11673887c855728c6f72efc1b272ce234e78dbd102f0032874
Apps/Get-PSAppDeployToolkit.ps1,d2b4be920bed6b2f86fc18a9c778c823f5883838d6ebe81977d04163975de4cd
Apps/Get-PSFPython.ps1,3121b73cf7c576ed9580e6b831f408ce668bada502f5a83fdb462bc17b6bb996
Apps/Get-PaintDotNet.ps1,75c3cac72061d79edb4d28d25c5b7ebabd62f411f9055b4d840a5c2adcef35f0
Apps/Get-PaintDotNetOfflineInstaller.ps1,c60dcac4126caaa0b2307f3b9da50d987544d3b212cdc10028c6ade6786a64ad
Apps/Get-PaloAltoGlobalProtect.ps1,3e1008705ff01811e4fb879cfd1ef247011d6e3dbfb65e574a8de4975a3fe23d
Apps/Get-Pandoc.ps1,1b79030f3ae488da144cff97a7ee543df3918a7bcb6c00cc741b0be7b4ad9fed
Apps/Get-ParallelsClient.ps1,d81fcc8cf2cbee6eedab26a174484f9088a5dc381ca1e1ef9f53ec3270eb6c30
Apps/Get-PeaZipPeaZip.ps1,74bd4be46e42892607ffb402c3a4574b36d6ef540f7efa4ae3109661a2848b6d
Apps/Get-PiriformCCleanerFree.ps1,3b1202e916e1dbf611424dfad4ef04f0f1ecf6cac5fc85add99ecdce117c3dbb
Apps/Get-PlexDesktop.ps1,0d8e65857be66b9cdc36dc6eb9f37d847e41c6a83d7ecd0688e4a12ec7991df2
Apps/Get-PlexHTPC.ps1,73f20021ccf5821dffc538a566f6e3543dc6a4dc757650b72d2e2a102ebd5861
Apps/Get-PlexMediaServer.ps1,406d53674530166e59d702eb5a89866954a4528471c8fedeca679b3f26d21dd8
Apps/Get-Podman.ps1,0d6f2ccc10a125e8d61e58555326430b141b3194304f1b6f4abeb444f2ba0be2
Apps/Get-PodmanDesktop.ps1,74e6ba407c17d08122efa8e217d16267f6ab13a4471a67983ab433bf9d66b799
Apps/Get-PositRStudio.ps1,0ad2e2eaa707fb7585d8d2337551c9b6b756451a3a35952f9f69c12454d48385
Apps/Get-Postman.ps1,5fb5bd9ffbbd65ffd096d14f66b6abff0cfe312a10a3bdd18042425d26017181
Apps/Get-Praat.ps1,f788d58c4044661127dc4f4288743ac4d8b09038d6e3b8bf0cdb94898274cf4f
Apps/Get-ProgressChefInSpec.ps1,3e5c5d56d71efd8b1eb80f4b8e37f54fd098da56a200d40d0089454d6f48caf3
Apps/Get-ProgressChefInfraClient.ps1,cf6a6e6f268e23accd04647e2281adc5eac26e48954b3bb5f764cd4d0f6ad8b4
Apps/Get-ProgressChefWorkstation.ps1,e9c0112d3008d51c85b70844aeb1b0a693701b985fae9b12cbc82e142fbc1e2f
Apps/Get-ProjectLibre.ps1,7357cfc2c19e00af34415c9db7e5b5ffddcd05c3b9d408ecaa649f5e9b4a122e
Apps/Get-Protege.ps1,30432f2009c78f6ef647ab050f67330e9f3b371476d3b6402dd38c445c376b74
Apps/Get-ProtonDrive.ps1,6e85110d386fc2383952da5f98fdf0a42b9b65728de110e850c0dac90790620c
Apps/Get-ProtonVPN.ps1,dbf001d165d61350768ce0e2e6912450fb91cd012e48934b359cb2688d69d337
Apps/Get-Proxyman.ps1,9a2171671e673789a2ccdcb4f70fee1fb93535e3f8113ca7f1967b3dfa732c8e
Apps/Get-PuTTY.ps1,9a13500902b92abd149181ad25bc303cb263cec99885ac00af0424e726a3d545
Apps/Get-Python.ps1,f13016ca7b3a95a01f8964e17bafd1afbc697f5923e4d3f06f77029fe4454139
Apps/Get-QGIS.ps1,76040d89bf027d59b6dc3dbf47e0e38f29001dfc69aea891cc9bd096878d433a
Apps/Get-RCoreTeamRforWindows.ps1,7c8ca2ec0689e4f2c6f6d9c0458a475416738ea5d4efbfdec4d40e5cb5c116ad
Apps/Get-RDAnalyzer.ps1,f52eabc5a610ffeed555bd850e53f4c8408fc9d3f60eecf8aca309dc7c799f2a
Apps/Get-RedHatOpenJDK17.ps1,15080878c3a0f44361ed48fb4e1299533a6ffd7eb664a057e01046958a6545b0
Apps/Get-RedHatOpenJDK21.ps1,75e175c83939cdcff83fc1db3eb2614a5a293cd4383f7a97b9dd08d9f78c99ad
Apps/Get-RedHatOpenJDK8.ps1,7dfdcbd6f204de78f8763bfe346b824bc0eb9504cd9375e3e5c2eb522078b957
Apps/Get-ResponsivelyApp.ps1,c34629c34cfac9466cf976c7038bd5e94b822e58eb81cc293fedbc045be7002a
Apps/Get-RingCentral.ps1,5fa0926c07b7a4848dce6aae3608b3c0752fc8a6eacb281c26500e7a32cfd07c
Apps/Get-RizonesoftNotepad3.ps1,e21e1f8cefbd793bf946292a57b14efd399dd1cc66fbdccd17de69818df79902
Apps/Get-SAGAGIS.ps1,45be60776dac8518099cf7968b84e478e1a9a0f41ca972b86975c92f62c38294
Apps/Get-SUSERancherDesktop.ps1,a11a439396d95212e7bb95dd0da5f5ebc87d520bfe1d0b386ab057b670ccbb4d
Apps/Get-SafeExamBrowser.ps1,8f5aec5a0538562ab8915e687f2bb61eb6569e8398182540ad1a133839c80551
Apps/Get-SafingPortmaster.ps1,9e98886dfd81128565b99ad930ea79e7230d6a0aa748fd58001cf715d22fdd4e
Apps/Get-ScooterBeyondCompare.ps1,47ff16873d10d24881db11c4344b25198b39b641636ee09a227d4039a1e9f6e4
Apps/Get-Scratch.ps1,2b85b0f1fbf39964bafd0ee7be7a1bf41eab54c674bf61a7e3a3b77af3af45d4
Apps/Get-ScreenToGif.ps1,1f1b8255d70542c61f1653c974fc26b50e06efa24862ec0de70b137c15ef12c9
Apps/Get-ShareX.ps1,a21329b0a8e1b618e03e3822d2b35db9029d3680f97b2ce5ab8739a17b55635c
Apps/Get-SignalDesktop.ps1,0e9f8fd5f207ca9291f30496da1ae050ecb4a31dda996ab690d9c89576d844b5
Apps/Get-Slack.ps1,a43aeb767a55b90bcdb9133a5d2ba6dbd8ab42d7358043fe68c24b65c1a380fd
Apps/Get-SmartBearSoapUI.ps1,d05127f7d44df9858a3d0f2b74425c127c703e5b365ae0f08f9ea4aa5a609072
Apps/Get-SoberLemurPDFSamBasic.ps1,280906e74fef1939499a13bd1ee79592992b715fe5b0f5b8a7c2d5ab5566c643
Apps/Get-StefansToolsgregpWin.ps1,3f2e2d1b080cea185ed2e0d1857a658f2d107646c53e1c9d3fbb2660b13037c9
Apps/Get-SumatraPDFReader.ps1,8b5cf7faa214a891c42ae122f85367c66d08d992f9a4ddcddd17e3d1fe753469
Apps/Get-TPGiColourContrastAnalyser.ps1,878e0c0b23b9f64c31d551004cfd50007f1c12c83bfe39a1a6ffff3cc3319bd6
Apps/Get-TableauDesktop.ps1,71b06acc2ac71e85ca0c7af8a95d7059bd8d4f03dfa2d5f59cc95b6ab29940f2
Apps/Get-TableauPrep.ps1,2592c6d754a496277b67fd3e4dcaec9393194813a8b55b8e8546c8f96e1cc547
Apps/Get-TableauReader.ps1,4bf1e80b7a55adf554115e63593b06c3cee839a37381a7a2ffad7674835814cc
Apps/Get-TeXstudio.ps1,78071e3f02f34127ca6b3446dd05de761cba651dd7b3c6975bed1a93d5fa7a64
Apps/Get-TeamViewer.ps1,1b250f1d33ccb25719e68274335a80e1875a54bc337c9e9a507c543d3f6ec28a
Apps/Get-TechSmithCamtasia.ps1,1d25b9adaabf97b92e5b1d293a51c7c86a6c6922702e8361e4abc9002133b126
Apps/Get-TechSmithSnagit.ps1,75f5a29887379ed3c54c956b46d00a041b3debc6f414e9932a1a329707bb825b
Apps/Get-TelegramDesktop.ps1,94d5cd0f0588f38536dad69efc6a2a5c7ce0cc449e4f99d1c4481df0add98f1b
Apps/Get-TelerikFiddlerClassic.ps1,70d72a726e1866bdc47417efdcd98aaf925aa96350fc2023b54d23ae08ea4f65
Apps/Get-TelerikFiddlerEverywhere.ps1,7155dfa9f1dd75c01049db830b66688728755510d3f2133dcdda528b6d22c75a
Apps/Get-TeraTerm.ps1,e51c26e8d172d25941693e2387e367bfa02cb758bda1275ed27ba1c402c3a7dc
Apps/Get-Terminals.ps1,c84df7da900e0d3d65cc418acc2eb5ce5c0c41690ce1e34ce8871cb159ce115a
Apps/Get-ThoriumReader.ps1,c98820d71365ea43808d707c50825469129e9da8a642dc221b706f754ca3494a
Apps/Get-ThymioSuite.ps1,7075c08431ad90af8e1a3e99f41ddfa2d7f9e4f902a5ed18a34597fc12c6454f
Apps/Get-TogglDesktop.ps1,b7ba9c9aa68d599d0861b1c92e5373348e0b45711502b16aba666ceea221fe29
Apps/Get-TorProjectTorBrowser.ps1,ca4e5b0b6e959c69519dc4e073005eaec0c772bd578d5edf0cf96d3195719951
Apps/Get-Tower.ps1,250b6f3dc3cd5c78333d96e3dc1b3d6a14f6aa93ea5fcda2f18496a50336f44a
Apps/Get-TrackerSoftwarePDFXChangeEditor.ps1,488b99e636498a2cd56c7c857e14d40b7248396c3fe291383521903d898e4be9
Apps/Get-USBPcap.ps1,4f26002ef653529a339ff70eb1eb72512b58d8fd8854aaf685d33a31483da820
Apps/Get-UnityEditor.ps1,4f1ebf1bdfb6cb6bf3f0cb96c5b9cd56c20e31640959f34d8b88d0231f0f22e4
Apps/Get-VMPlexWorkstation.ps1,94b28df7f35a7c8bd7337c837671a179432777f0b6d7eba6230b4c4680186d3e
Apps/Get-VMwareTools.ps1,1d8a51e582b4326fa311ae042f8ac65d5322a41fe7350574d374f775ae0da126
Apps/Get-VSCodium.ps1,0e7af380dc14d57815031830b62aac5bec92a0829ca61ccbe0a9b4b9acd3bf5b
Apps/Get-VastLimitsUberAgent.ps1,b806e89f867da84f320e07b6ce8033ba0fa1929df29ed569bea89bc2a1f33d46
Apps/Get-VeraCrypt.ps1,0f4e9bda6830906997e6f0f1dc6e311358ae9a1bccd4814fe175cf1e45eb53e1
Apps/Get-VercelHyper.ps1,dbc206e18bf383829bbe65e0567d0271bcb3a05daeb0baa1ef1ed18cf7851e16
Apps/Get-VideoLanVlcPlayer.ps1,860505373b6ce2d6eb5423f5ec488e87bf88f5c08c2d849b7a40b567a295a0d9
Apps/Get-VisualCppRedistAIO.ps1,76f1eb28cfa353be3704a2c87aeba309dce9c1311350bf6aa0fd0b120f5c03ed
Apps/Get-Win32OpenSSH.ps1,ecbf5c769a6a1a85c50018a633e214d7961e81273a41f7a7d7093f00fa518eab
Apps/Get-WinMerge.ps1,1f40ea7f019dd6ce24507c8ead1b00861c16d90d4656d3be54ccdede27277d7e
Apps/Get-WinSCP.ps1,df0d143d2ce7b0d602dfe896c2f3011609e126e81596d3df5452c3003c802d8f
Apps/Get-WindowsEnterpriseDefaults.ps1,58e1505733869b63686fa82ba1f1972147f2834b3be66464c191f191c387b995
Apps/Get-Wireshark.ps1,95e53cd275884cd83988f417f046d423e566e3477ea466ce12b309c2bbe4de9d
Apps/Get-WixToolset.ps1,360b2bf2c3814a853b23882f48e61ba342abef74b5ba69ef767744138dcf93a7
Apps/Get-XnSoftXnConvert.ps1,466c7a561cc855155ae1c500620c27f094de0d6188211bb997ba6b5bbcbb2db4
Apps/Get-XnSoftXnViewMP.ps1,af6fc4732b2313b0cb104763af5c992d9d0051551aaff019145df14a00c3c5a5
Apps/Get-YubicoAuthenticator.ps1,5786a02c968cf917db2f7c451948c6b138fc43f68c917f63cea40d6a3affe6f2
Apps/Get-Zoom.ps1,fb151264aec9cdb105bc8e4beb2e450b038ce918f01667d4d4c2fa12ef33aa8e
Apps/Get-ZoomVDI.ps1,f0c90337229722967af042d2caff2a8c12336da103cd0c119f2272565fe33826
Apps/Get-ZorgmailVeiligVerzendenAddin.ps1,d8490dc26a7b1f1f0196c5b349a29fd0175e426a46f71010507aa79a4ebf1ca1
Apps/Get-Zotero.ps1,7c8a685bdfa3b4ea1e6902a916cf328f8c4db0d19c639bfb3df36ed3ce1a2de9
Apps/Get-dbeaver.ps1,74e6975df9896e80f5fc00693da0b94cdb5a331f014653d256d8b488d1668c5e
Apps/Get-deviceTRUST.ps1,921cbcd8fde6a5cfbae46694e4ff1a04cca2ffba6a9570055fabde985f950373
Apps/Get-dnGrep.ps1,6e6d8b4c39a4b88dbd800e3735fb314e3cdf453a4f9be89a9ffa2085e3d38b0b
Apps/Get-gretl.ps1,3959da5f2a2dbad62203c9378b3251dcb18408f0d5165d14e18461a07784f984
Apps/Get-gsudo.ps1,b83c1f395aa0c409cf29f7f7c3fe6c04c0bfa0d01ca210c075b0478b847322e7
Apps/Get-jq.ps1,75a841dcb71ed69ad4e64e27b3d9fc65b7515df58624f89f31ee98116ce11644
Apps/Get-jrsoftwareInnoSetup.ps1,904cbb45b992d0687ea130c4630221f20703f16b7e4ec52a5af525f7615d63ac
Apps/Get-mRemoteNG.ps1,5ab70a81c3f0344ccf98b33339ef2b1cc7ff0c87c4468803a066f388d493a0b4
Apps/Get-mySQLConnectorNET.ps1,83441d3c930d96e908a68613f02b9f71c79c88015382c27d79278f7560283195
Apps/Get-mySQLConnectorODBC.ps1,c6de4174dfa92bb771f1c7dc99ef4bce5731f1371d54f7b0eed20246596c4072
Apps/Get-mySQLWorkbench.ps1,204f7cb86a211fefa623c99e99ab06462dd60d43a911c12d0b93bac33c5842d0
Apps/Get-voidtoolsEverything.ps1,6ad5fdef9ffd0f7f182538b1557e4e021c566aadd52102810ca53be882592e94
Manifests/1Password.json,cf0f9b85fc441d10f2d0d030586391c6539eaf15f024fa8802157f026c08d485
Manifests/1Password7.json,4e941d64febd9f8155ccbc14d5de6e399ed1d09197f74429ad3dc2a9630ce7b9
Manifests/1PasswordCLI.json,e8ac67950aead0537c539f4d27c64166f8c5c91521d64cfb4493652a24a6edf1
Manifests/7ZipZS.json,39a43e74f29c9dae57ead267e8599a57f822d88cb99079a486d32f4e9f871877
Manifests/7zip.json,3f3f4bfa1152872c50547f7ea540044866610884c15ff367d6d1e868e59d1f49
Manifests/ALMToolkit.json,60800f14c7bf01a4a4f9facea4eba8f64fecafc72ef63307bf62d6e5e61babf5
Manifests/AWSAppStreamClient.json,d8ac8500188a3f2af3b55294953bfbac76372fe6e97f205d39f7f0bd66aecf42
Manifests/AWSCLI.json,8458845566c3f8263c110f079b632983750895340a47672b9dd3ec8db0f53201
Manifests/AWSSAMCLI.json,9db513c8737cf6edd6c244f53f5d57069ad6c1a927d24c530c4a459ee2124cd1
Manifests/AWSSMP.json,541c4e2f3c6d5c2fbb6d0e9fa9224dc157e14f978a94f09fbdc5a8e2265ecff3
Manifests/AdobeAcrobat.json,b4de0853dc6dee1972790db694c3ee74f03f18778a5ddc8c89bfb03581e4c04b
Manifests/AdobeAcrobatDC.json,8348459e3a1bfa89f635c786b2b6b8a4e6b803172966e7ade2478add1667e3ce
Manifests/AdobeAcrobatProStdDC.json,b5e91f4a83ee3e5f9b5d06f23f1f48ac94586d0b0616452d4232c4f9b8823b3f
Manifests/AdobeAcrobatReaderDC.json,ae8f1474c4dc673f447391372f7c34e205ed7d1419832106a2642d3febddf5e6
Manifests/AdobeBrackets.json,902d327b5858a087b4f123c3ac478519a16fb4a23e8488ca785024339569d365
Manifests/AdobeConnect.json,973d815524b20e7ec736a2e2916a143f0070142363bf5b5534a74071443cefed
Manifests/AdobeDigitalEditions.json,f0cdeee30c588175b060d0deeb6e50a98b4ab0f69ee167aba1c74364f56a172f
Manifests/AdoptiumTemurin11.json,203166ff8f271b7ca6866de88016f0231927db00282e58bce38c9ea1d7c00e86
Manifests/AdoptiumTemurin16.json,4b097f960870a43c0f140f645703841bbc6475a2a095de8bb68d7ab4a45b9171
Manifests/AdoptiumTemurin17.json,1459ea41702b53a0b29cababf26009300345c7e52f0355294615d3beb5a5f78d
Manifests/AdoptiumTemurin18.json,0ffbac52ffc4d92071b26e1deb9769c714f70826d52f700b4b876aed2d50555c
Manifests/AdoptiumTemurin19.json,8c3858e2d6740eead662e332b6c2248a85b485f886a7d4f3821cc4b4690eea1d
Manifests/AdoptiumTemurin20.json,aabf1c00250a9bfc312736773ea77ebc546726c855607254e057fbf69d8c4425
Manifests/AdoptiumTemurin21.json,e9d8059fe51f3913c721a6af7df3bde0ca8a088589e7588c1aaa7b537e2fc591
Manifests/AdoptiumTemurin22.json,b2e90270e79017c8be0f6ddd64fefaa09e02cb3d47b621f6d81fb545f0f41e0e
Manifests/AdoptiumTemurin8.json,f9077b79b6382c7719ba4b6c6d894a729fb609f73b71c9c1e5e7976aff4e4f00
Manifests/AdvancedInstaller.json,d24c1d9f6fdcd4fc47df56b71e3211c4a91fd13aaaf03bc78c6937413df80aa4
Manifests/AirtameApp.json,6bad04623473735fdb3d5f9797e1c56c5f970e660d651e9ce247ceeb0b9ddc1a
Manifests/AkeoRufus.json,1a8424b4b2ea8937e0ac470690a325fe3d809db2e3b271b7491f7af5c07d9e43
Manifests/AkeoRufusAlt.json,873c68672b5dcb7f11b97dbb4e4fe4266912f3f950696f209056d7f8a2061ed4
Manifests/AmazonCorretto11.json,208f89caf89dba5b77dedeee14db1b17467dc59da406b7da2cf72728cede7c5e
Manifests/AmazonCorretto15.json,f1611a70a062201686f441d730e5cc579cee6810850f25db2e0f19ddded441ab
Manifests/AmazonCorretto16.json,19bc82ab5dfb1f562cc2e3e11b5e65eba318aea459c35646a3c5f81af13c0a35
Manifests/AmazonCorretto17.json,d04a88a5a69fffa72e34803fd7bdab61045683228ffa4661325063b6ba5136ac
Manifests/AmazonCorretto20.json,c0019870148d0ff79facef9387627bee4a05f0e65ff19583607b6c90e2c562a9
Manifests/AmazonCorretto21.json,17380603720e407f81c1d4cc2fecd03a0cd0c90bb5d3177d1916f1a135240dc6
Manifests/AmazonCorretto22.json,24444434600d020be4ffac5db5a55d6c77d0c03b3c1034eedc25430942067eda
Manifests/AmazonCorretto8.json,c470c5b878a5c1a8e45dfaf3e4e56f6ad52e6a18a5fb53ad38854ba19e55c960
Manifests/Anaconda.json,22bd2ed4895605aef86d8446abe1798380aeef9c0f0dffaa27f176d6495eb46e
Manifests/AnalogDevicesLTspice.json,7393037854f6c285d4276a9cc1507eba2c0e207b5178360d829bf9f4f07795ba
Manifests/Anki.json,6c15434b61bb474d266a7ffd798991bd9395141d206bbb4c195426a88c7757c5
Manifests/AppVentiX.json,0a331bdbb7a1e45a93faac000eebca6149bcecfe4eb649f2a3183a20ad518350
Manifests/ArtifexGhostscript.json,fd158e58758c307698428a4f3ad54ac879ab4fc1319d77d05eaf07b98a67e305
Manifests/AtlassianSourcetree.json,7ac8bb1b5fd0404ad6ca9bd11622e266045ae9bccd33b079da2893a971dad63b
Manifests/Audacity.json,d2c2ca92ca47ef4b3aee54570abf2109f2f30bd6479356ab5042257064feb1ba
Manifests/AutoDarkMode.json,4c0e7f297b78373f2f525c65a8927c535865eb50e3f7f36553a85ea3cd002e6a
Manifests/AutoIt.json,420fc65f54068d9c3bf8cea8edb3300307c644a61510a19d075d47513ee0f73c
Manifests/AutodeskFusion360.json,8743facb1ac49bcd2c8b1e6661a83921cd76c0ef2c7c0787f3307b327e5ee8a0
Manifests/AzulZulu11.json,b6f9b8422bdcd806c292a5083eb58a785e72f65e847d8903094ae22a215240ec
Manifests/AzulZulu17.json,69dc458038bbdf2ce9dec25dae1339f12d496115bf02bcde2f70a05b89b3b538
Manifests/AzulZulu21.json,638ecb6a4d1605d9c6ac26f05674c806db2531a815dfb474ce83312ed0202004
Manifests/AzulZulu8.json,9179b7faceeb6232a95cc2f3b265bae1db34b07f6246a723f933ffbe61b002f1
Manifests/BISF.json,166e51e86eb8d56499f26e4dcb8a005d18f54c421d4ae94bbf3af2aee7991407
Manifests/BeekeeperStudio.json,ee29482012109b5a4f3860f0e73c320b2679a7055559500af5fb073d9715d8c6
Manifests/BellSoftLibericaJDK11.json,2663b1b318ce98a23b359ee3d9f1b2e539cf46b4ce6499e05ff607bc9e02bbf5
Manifests/BellSoftLibericaJDK17.json,2a6437a47c6c29b19e80cb63d4b21d6361fe6755c73088835389c6a243d26114
Manifests/BellSoftLibericaJDK20.json,80d9d8b63af3303827d860456f95f13ecd27cecff2b5d52b146aeac7e274816e
Manifests/BellSoftLibericaJDK21.json,624a8bc7f6fd2e94adfc6cc1e0406af7a35945cab40c13b6f38550a1cc943748
Manifests/BellSoftLibericaJDK22.json,db98abe7d488db88a20ed91cb1b1c148f16d393ff6f7ae986ecab9ca87d3d8d7
Manifests/BellSoftLibericaJDK23.json,9424523a8822a4cc8766e69d5d63ae7c829658572a715f9bd784cb75ec5ae7b0
Manifests/BellSoftLibericaJDK8.json,43d0bb2c14e1f495656413418635fe01d849ad783dec00adb109139eff358650
Manifests/BitwardenDesktop.json,b49040f981d1c721fdaab0d4d84a84959c840ba409136f2e92f5c00072253e99
Manifests/BlenderLauncher.json,d48ebe1e09e77e655e0740eae32a50c81914257fbc924491fb49892d79f5badc
Manifests/BlueJ.json,981acba212083ab79bb0535f596eb0e6197e346953639480402625c1670c7d12
Manifests/CendioThinLinc.json,ab6352950ed95a677b2347a29027909398fd44cc5a456228e3ea2f82306a6eba
Manifests/CitrixShareFile.json,b7a9655dd0a23b4966bcf7e2479cbff334bedc11aa4fe297272e3c3e1707081a
Manifests/CitrixWorkspaceApp.json,6fb12359d3a164fb717ed00acc93fb89372fb83b40c1a7c280ffadb875e21319
Manifests/ClarivateEndnote.json,efd2e281c05dae6af2591c85d8737cdd524bace7553ba6e6f6f60ce5d52d045e
Manifests/CodelerityApacheNetBeans.json,a87bae5787641e4615a97db73918b5acee7f9c24f44c3bc70cc0337c44bfab57
Manifests/ConnectionExperienceIndicator.json,666e22a6da6e56fd4f1d21460d71f6cf18ba539d3604b3bfc7117109e16158f2
Manifests/ControlUpAgent.json,803ba70b0647023a9fc6c89793cb5f207de9e6584f807951bda27f49791be89c
Manifests/ControlUpConsole.json,762f0a9dbdfaf31ed6a71d0697faf694b449823cfeca18b3f404a7d52b04ea02
Manifests/ControlUpMonitor.json,7dec0947c46035866790586c98471677940c08f225b8a3379cae75c203f48066
Manifests/ControlUpRemoteDX.json,a792594c566d609170b7c3847523f021aadc4dca93bb2feaacd3fb2ab9df014e
Manifests/Cyberduck.json,019d79ae814634787d30c4fd2b961254c8bd76f0237956a557af2d193453cec5
Manifests/DAXStudio.json,dd09da1169d47ee093ed3d7340689a795e63ca751c41cb7a56371d1431e02030
Manifests/DBBrowserforSQLite.json,3764edb5ed491f718ee6aa321e7ed3faaa620398cb997c1b4624cad4617d1912
Manifests/DebaucheeBarrier.json,913ed3f5ccadb46c21cf9f1e60269e5f7896b3cc160d6b42293f4a87878eae87
Manifests/DevToys.json,ff4cbca806f0200aade4869b94db6696ef91454e87d525992696eadf68d86fd1
Manifests/DockerCompose.json,32311f6797c745a54bc1e7e74f9002b595b8202cc87ac5e682b19218079e98aa
Manifests/DockerDesktop.json,4233cc2d5bb8ae51c27982f1f437cbda96d68cd9c4f9e68c27f4f558061feff3
Manifests/DoubleCommander.json,213334b443e0b0242643ee46d4123e8c6d0e8ce9c2fe7dfda466327da223871a
Manifests/DrataAgent.json,b4c8ea6e0027bec6c0f26df2d58488c9a717fc94475a131e667027c368fcc557
Manifests/DropboxDesktopApp.json,68bf57a684075298f5a12530c734f26ca70d7970607de9978502e53a8e67d940
Manifests/DruvainSyncClient.json,5487a3f0432c24c60cde74ce4bf4fe29b8d033225b21bfa03563b52fae538507
Manifests/ESETEndpointAntivirus.json,d08e1c459fbff531269fb768e0a14ddae90b1272fd32f36fee7c7b6070a056d8
Manifests/ESETEndpointSecurity.json,e8723067dd99bd2ab6f2510d24e18538cf19c1b54197a6ba9d30d569f3ef4d3c
Manifests/ESETFullDiskEncryption.json,6a5d52658bcd9690dd4e7b2fe085df8c07517d19ce21ee2f35f433921161eacf
Manifests/ESETInspectConnector.json,f5cb54d92919ff5d92e4fe4bb13c4723a95f4837d355108bcb06c9ee6dc51cc2
Manifests/ESETPROTECTServer.json,10a21f4dd1bba67f04658405d9ac3830ea12223f1e2723925ce54744e13c7e98
Manifests/ESETSecureAuthentication.json,f91020347c069886dd17a9b1df0d07fdbfb07a22d97858cb08d93d779aef4130
Manifests/ESETServerSecurity.json,90c0f2e2ca15461291b93f7878984113c470d3d1cd01a5690ffd64d3933f8d02
Manifests/Eduvpn.json,d0d63f1f1bc5ab58346439ed76e04d182e240197c3e7170f3a6e3ddc70d0138a
Manifests/EgnyteDesktopApp.json,b7163d10b2e1a37b8a20761f8388deb5be054e67417b3804475de8217d642705
Manifests/Elgato4KCaptureUtility.json,af8ec67eff2dbd9f7a5821fb7631dc582f45d1e1c26d885fb20a34a3c1d7e033
Manifests/ElgatoAudioEffects.json,9e1c31001ae63d6dce8eaabda5536261387e073bf427fff1e38d224d5f2ab6d5
Manifests/ElgatoCameraHub.json,3489b8184b359a897ee672b9257d8340c2dcdb1a450dd7ca765d737668aa8cfb
Manifests/ElgatoControlCenter.json,01960ed310a22df305f05349ae123a3f5542015a2636bd5121114d58714e4584
Manifests/ElgatoEpocCam.json,e4a90e84ff507a122b6ced28e4bc39877d2f9bb72e5b4a250b4e58bce461294d
Manifests/ElgatoGameCapture.json,7ba0ec014eaaa11373e255161bfe67d7ccfefd6ee7935f67b7f1a8c1023b0746
Manifests/ElgatoStreamDeck.json,9036aab1462488de01de8d5df0775daa1b768d96eca27a70e92ff0207c740335
Manifests/ElgatoVideoCapture.json,a7360fac095ef7f0f8ef231e7ab2e329557517cb3023a7179cbbb6027488394a
Manifests/ElgatoWaveLink.json,29a1c8ab8b0d8ecfae8a3fd9ffe51594b39bdc14467acc6df46e1f539ad20218
Manifests/FigmaDesktop.json,ea720840d05fd6e0987bbafe042162eb2202ce4e759c128d0a9615e01d06ebcc
Manifests/Flameshot.json,1a3d757be31ab5165b2f703b8c7aa3a6870bdbbbf166be720fde67fa920c942e
Manifests/Fork.json,6af13c81ba01fec0baed11960c5264ad728feb648d8ed936057479a61ed57fa0
Manifests/FoxitPDFEditor.json,4ca4db5100fe755ecf82a87557c15d049665e0126a5eac337b2c763b3144eaf8
Manifests/FoxitReader.json,103b663312974c41b62315384f99db04cec4730808562ebb614733ac4936bf17
Manifests/FreeFem.json,c91e911c3e7c256f5cc7fa0372140e5443175d7a49c6e1ca394d1cee80dff730
Manifests/FreedomScientificFusion.json,4665b559441f3710bce6321d6266225aa38e93d66f4bab4ebbea47bc02ca5d96
Manifests/FreedomScientificJAWS.json,8b5ed447c9d0ebd367f87a4d1244511b1e866ed56bdc2299d112645fa152d562
Manifests/FreedomScientificZoomText.json,1c5bbde433e5773ac521caef8a465df042e2ab14e87b6486cfc48ec4d6f6d902
Manifests/GeekSoftwarePDF24Creator.json,ac1573b850f10215f80a3809bc1a7928fd27c56a7daba188e2d1a1af753ed585
Manifests/GeoGebraClassic.json,1d5b6dda8ff49da7b80da62ae611ecca7b068da9c35a127c645776abb88b7880
Manifests/Gephi.json,43e1ee32a50519a660936b05f7b4f5873404b33ab12776f8aefd7bec26d6ce60
Manifests/GhislerTotalCommander.json,63c7aaaae1ec4e07c244b9a54b0e3b3e5b184b73efd9b876c9174783e2450ff1
Manifests/Gimp.json,98cb00a7e64baddf50fa33f99fd8b04c68b00fe2a23d50e9771d52b73681cf64
Manifests/GitExtensions.json,ad94157693ed48709f2c7b5020013ddef5733a8dbc9a2aeb52da10abe184ce21
Manifests/GitForWindows.json,7941c26a49b7de6e43ba809cb5852464c17b95f74b53f404ba41573eb7e41a87
Manifests/GitHubAtom.json,359a84a17d6f95498f134b5c59ceec64e433ec4a84967a28998d39f40d5b0c2d
Manifests/GitHubDesktop.json,789d334225a37aab0f2c348a59079739a60f4e0a93f00a3b39784839b5976171
Manifests/GitHubRelease.json,dd4f214a948c8fd888718c6bd45f8742152eb8c591e00547340665437e000e51
Manifests/GoToConnect.json,5fbcabb486116047a6d865fbeedf4bd5c7944edcef56b3896c41824986fd00ec
Manifests/GoToMeeting.json,a0b558abce62ce200dcd63c95741a99e2e16321a42ad2aad9dfebbd8e3a342a5
Manifests/GoToOpener.json,fd9c4fa40c0586f119ee813b6e90a6d5f120872737822a9179a269c6719dbaff
Manifests/GoogleChrome.json,1cedce9c5c322e6e06f30246b58ee700d616cdb541599d2da20267a6a31b581b
Manifests/GoogleChromeDriver.json,2e3d70a44b7163c773f6ecade8a26f472eb818896f13ec3152f196d8d92f6c76
Manifests/GoogleChromeForTesting.json,3acc8466ca9c019c9c1847399eb677bc73e8e2423c6a19efabb6af952aae2b5f
Manifests/GoogleChromeHeadlessShell.json,071d5495f2787902d37446ca1ee249fc63d39836b6af4090956f58416cd07bb0
Manifests/GoogleDrive.json,ac1b9a9f64e97d074578b2a7a3d3ff369da6f4acac43dea21cd399d11ed0d753
Manifests/Gpg4win.json,56ea71e95a204e77fc9484c979b786770798c462fbe52f49d506f2c964a87b4e
Manifests/GrafanaAgent.json,bd64f4b64b2e984e936d2e2139bbc334aaec689c57fe25f32453bbd172a9f9f5
Manifests/Greenshot.json,dfc0d55258ea6fe0fa701d89f0328897c9b2e1038315391c9d8932c4f916e7eb
Manifests/Handbrake.json,64a4ee3c9d780aa32835b5fc01a087aa286dad0eef6e0c682b3cb953e4d3df8e
Manifests/HashicorpBoundary.json,8de62428c48588707bea511ddc95e372181f3adb98319232d5020e091b81f69c
Manifests/HashicorpConsul.json,22aa39f2a6a8a2fa2acc000456e125c35e3ce0aa72e100f4de00044d82735466
Manifests/HashicorpNomad.json,36f1f1b73dd24c6970872688dac1832a239cbc07560a757bc298eaa8681ac76b
Manifests/HashicorpPacker.json,436bd76d73bb42ab58b18ef8f8f7f78b7ddc400eb38f4902ce0ec30a37f0c821
Manifests/HashicorpTerraform.json,501965c6cd152e35c9683cfa4b5b8d05b85a9a01b376f794a59bd00c71b25509
Manifests/HashicorpVault.json,afa997354d8e0be84515139cc2cd7151f48be37773319f4fb02e5b724a412b7c
Manifests/HashicorpWaypoint.json,48546f1f4e158beb23761af7b5d00e1edeed08e5bd6deb2dc811ee959f4cc395
Manifests/ImageGlass.json,233e35b04356ca98dda31a7c46886ed2e467b84e30afe420052658dd125f6dd8
Manifests/ImageMagickStudioImageMagick.json,dfe99d864acafdd194d0b94a57a13489033f0e019ef4c13866d968d410ca509f
Manifests/JASP.json,6b595ea70782c97ab99a90ceacd1a466b419075d4ece659d3bbdf26ec1cc0834
Manifests/JGraphDrawIO.json,2274b8be18e09aee595b98bd7c9aa760af19316fae6935a8305d15967c6b6c00
Manifests/JabraDirect.json,ed0f8f07498ef98295705dc22d6c13764f59dafc8c9661fb61329f1184f9a7f5
Manifests/JamTreeSizeFree.json,6cdf9f6c4acae0cb98bdc2bcc8527244ced208d85d016dcbf6c7e5975e50a425
Manifests/JamTreeSizeProfessional.json,e51f6f376378e644775aef3e5452dc5c3560993d430246579052470b1ee58c6c
Manifests/JeremyMainGPUProfiler.json,537a8e9997ea31db1d9b1006e344593fa7265273785a1b8c3051f422860f1c0f
Manifests/JetBrainsCLion.json,3c48bf9a1ecb64417001b29d06f7181d3c58050141ea0fc2fe900637642f467d
Manifests/JetBrainsDataGrip.json,67c71560321389f60cac06bb6cf20618f5e0c4d5a8f8247d0b96eef4c3d202d5
Manifests/JetBrainsDataSpell.json,a030cc01de14f33e51141d351c13ae52be12c4a142dd8d6f70ebb7d9931a675f
Manifests/JetBrainsGateway.json,b3503d1756fe326669d34cd09e74aa76166545eb58a61f7879114a6e8e9407ec
Manifests/JetBrainsGoLand.json,c8966cec130e6d2086d27be0f40c6a378e6bdc7c9b083be955c47543680fa14a
Manifests/JetBrainsIntelliJIDEA.json,cd6b49aa3aee76eb1a6c6dc542bd404a307b1b7fa197f0844ed87fb2fc719a54
Manifests/JetBrainsPhpStorm.json,c234caacb546f8384e299962de79c216f45d2879490e9a23a6b4ece03fd2aa23
Manifests/JetBrainsPyCharm.json,a2767b626b2aa8ae1c3e6441a28ec2948c591a4535babf5b3892848996d45382
Manifests/JetBrainsRider.json,4fc6634caa2e99ddbf0efb2f0f772eba06440387f7faf522daec1cd1fab39712
Manifests/JetBrainsRubyMine.json,ff4746d27d9c4de3e6c5b3bb8a5a3ac4ea5c49a4b811b06068b341aa72907082
Manifests/JetBrainsSpace.json,0c78e43f6c763c648cb2203c62d51e27d32584a2a81c932bc5db01a09344ba5c
Manifests/JetBrainsTeamCity.json,7e29ca73a2e7b88a067e22283f8f9195613b70603d455b4570da365d9b13ef00
Manifests/JetBrainsToolbox.json,39e10937679abbccb7c5a45b910b09bd9de0f830c45c9c7d0606ce24d1cd0b93
Manifests/JetBrainsWebStorm.json,13fbadece8791372460257c8a7d1d3c212eb2065d19699c94662b3bae149442d
Manifests/JetBrainsYouTrack.json,1cc72c00cae393fc7bcae3d420dbf8e287943534628a8b85825f488b3791c982
Manifests/KDiff3.json,559fab785c49301e65a48db4d49df9dfb69ae3f87331b7891c3ddecab3d3f00f
Manifests/KarakunOpenWebStart.json,5af29cb815b488bd7d46a388c94bfaf4874e5b1d55c182e42eed28321c5bebaa
Manifests/KeePass.json,951f3a8a01c2bba7a32929392f8819f9e7498e0c68c0dbbd61fbb210df8500b1
Manifests/KeePassXCTeamKeePassXC.json,dff3e42434cfb722e86fc83b7c9e8cbc341f8a4473e0e5ed8da851a228d9ef42
Manifests/KeeWeb.json,651d86ff32bd86e365498d3771c774d1293a2bb06aabe7faaccb14247b743e88
Manifests/KubernetesKubectl.json,3203e0e124e642e79461f6fba6e780956369612ecc4b3283b133c35518494f9c
Manifests/LehrerOffice.json,2005b80ac793e4b198e4b02b4298885f0e7c83e99922ff1a48f020a7e0b56891
Manifests/LibreOffice.json,57d46f1eb7ca9dd0530a8d3e9bb19d53a6e91456801a65993aaff4b9b57f983a
Manifests/MSIXHero.json,286baacde73f57db54344505e22e011e2643009469bb377d53f74a12f15a8815
Manifests/ManicTimeClient.json,a08e2f1ef1b4f1f06641fc1082da669d2a892916302b02b1b3537e10f7de0cc8
Manifests/MarkMpnSQL4CDS.json,5277bada6e609d2573bfb7b9d430c99ff24f1850f440ad387a30f3522db91c93
Manifests/MasterPackager.json,a6fd69e9a56dd87c4574a5568592d6deaaf2fd9f26fd7be7870afb39f326f23b
Manifests/MattermostDesktop.json,bb92f6398e69f1cb2fc54dd9591f9888228cfa51e6ebd7becc541bae0fe32c2d
Manifests/Maximus5ConEmu.json,7a22af84a60eeba845931efd682af2447a3ce99d067a4969e8effbb2371044f8
Manifests/McNeelRhino.json,b4977eb8f369db29904a45925af3695c884f3fb3a81c259b7f8e4cde22b21f98
Manifests/MendeleyDesktop.json,4f01c685502e8fa08452f1d699644114bc343b9da207e064b13b51158245b145
Manifests/MestrelabMnova.json,185dbbe8bcb01d44143f9e4edf90e51e7e85eac9f95c43a8fafeb680c4d450f4
Manifests/Microsoft.NET.json,9806915f5486cd832a7f3130ef78af86d6c772ddae9c2a1c49fce24d72cce05b
Manifests/Microsoft365Apps.json,b1353817868c2d4ba2ac949f1546e1f52b4411ed122b0e164c51243bce64256c
Manifests/MicrosoftAzureCLI.json,fb2ea4b14f91c678c797557180f92177cda1d04f6706ca17ceb335803c93972a
Manifests/MicrosoftAzureDataStudio.json,2a3790f8388af70f453198de97aba4a09bf886a25ee74510482b62b87e42ad53
Manifests/MicrosoftAzureFunctionsCoreTools.json,e79e8e7e6854d7281ee7985efbb4699f700558be120127f87b8ce3b63aead607
Manifests/MicrosoftAzurePipelinesAgent.json,e7192dde389977a303aee20893d9864ad9fb7c79761065ab9f4bc827584f5e9b
Manifests/MicrosoftAzureStorageExplorer.json,1ed05a75e2482ce96a97bd093cd79c2ff15c67c24c028a4290666cfd29edc341
Manifests/MicrosoftAzureWindowsVMAgent.json,c9826ae9b3cafa5fc52e3f1286adea38b07d3253a5285b68bf9174baf75d35e5
Manifests/MicrosoftBicep.json,adf870a654eb70f66d3e0990612be5e0a3d04c5fd810c45bb1abb6dbf76c2296
Manifests/MicrosoftBotFrameworkEmulator.json,0103a984ae4540c3c79664a7d34807369ae70ab4bce6fe7a7ffe466542d3bd54
Manifests/MicrosoftEdge.json,83090e5d05e19a5788d45ed7b3516a6be29768824941946c548f60a349b8c203
Manifests/MicrosoftEdgeDriver.json,8d4a4c26c836e806b9fc50ec5b0288def21209faac92212829682f70b916eabd
Manifests/MicrosoftEdgeForBusiness.json,49ce8da2e2eb2e1f5be3d0a8982b418eab73006681bbef8ca7582d6cf953538b
Manifests/MicrosoftEdgeWebView2Runtime.json,914a18b3cfa6d81fd2d19610373e7307385944b489a28abb14ea4d7891b34478
Manifests/MicrosoftFSLogixApps.json,3791d229619f5c448588d47980f3e279d7b0d37b4a18cf8f2db7875f356e5325
Manifests/MicrosoftODBCDriverForSQLServer.json,43981ec1f3e7839e7469c4882036b95a3a9ae8b3c3af288a0d9996ea8659fd23
Manifests/MicrosoftODBCDriverForSQLServer17.json,a9fcb0c330f156d69e9a8688053cd58b6e58077a1054ce63a764a93cbabdf1eb
Manifests/MicrosoftOLEDBDriverForSQLServer.json,23bac3ac1bd35cb5efc91fa5ae6cc36aa76437943ead0414ad13ea4339c70cff
Manifests/MicrosoftOLEDBDriverForSQLServer18.json,a113922304b7e0bba03caa0ea687506c53327e6fcfd515e9404d4d746257a274
Manifests/MicrosoftOneDrive.json,aa9bdf9de8c0f6ff12f64f17be1a6d35b1859859b136861248bb1270eb0aece7
Manifests/MicrosoftOpenJDK11.json,00a5f68e219128508ac13c74be024b06db4438279421748b855ad5322b2c4bdf
Manifests/MicrosoftOpenJDK17.json,04bd7acaa65472df0ab3a9b92c9fcc907b81563bb5b5b749e63fc3bb5a4fdd52
Manifests/MicrosoftOpenJDK21.json,37d9a91e6d7e807804851f806874331b53c99205162712c5fd18315de8a74052
Manifests/MicrosoftOutlook.json,7795dfde183bc6b4246c307cce741a702fa115f746f70a2246cc36427d0af4e6
Manifests/MicrosoftPowerShell.json,a154e085f927faae94ad043af2faf5840ada5b8fa1023ebeec1ac058a688a912
Manifests/MicrosoftPowerToys.json,5900ce67fb9d5a2f2729196fa3192579060d12eab464f18f39babafdd45fce0e
Manifests/MicrosoftSsms.json,dce701d1e5ae3f194f1c74e082d963ca5ba021c952bc44b4bd6e08316e430059
Manifests/MicrosoftTeams.json,c09edbce105f7d1bc4c5ba79c1bc4634d3604d5b472efda7af35d7af69fb7bf2
Manifests/MicrosoftTeamsClassic.json,cefd09d52a45ae8e160ac71a9cfc22e755d827c3e9e45d125baaac93525de6bc
Manifests/MicrosoftTerminal.json,889a28e8c933e75e3b17eaef01e9e11ac2be77b7995329fe52d9276c1fda69c1
Manifests/MicrosoftVdot.json,5f76d0c7a13119ba6a90df110679db27ea1d207d6f2fb87c7fb47be765079036
Manifests/MicrosoftVisualStudio.json,affffc2654d88de1335a208aca789aa09de0d829c508f0e3f6992ca917b2bdbb
Manifests/MicrosoftVisualStudioCode.json,c8e2b2179c26c4cfa0fb081d05f26013555034093cc8f2ccfb9bb40a3a878f42
Manifests/MicrosoftWSL.json,8aee6f40c36aa8494b0efd462119e23a68c5c8c39ab6c878202dec761c29726f
Manifests/MicrosoftWindowsAdminCenter.json,c52f5c2d403fd961928a2c96763d5c91b0c55cda4f2b5c7caaba507903b28866
Manifests/MicrosoftWindowsApp.json,8364a19d3ae36c2b45c659bf68df8efd180ae3109d766b9eb770d007fe42c6e7
Manifests/MicrosoftWindowsPackageManagerClient.json,77f9f5a67a9627256545099f4e8b9b54e9085d32715ca03132de64eb9e3e6be9
Manifests/MicrosoftWvdBootloader.json,feb1c8258e82e6402d659c44c9eb7623bc510d701922a6eefe02034e78bd5108
Manifests/MicrosoftWvdInfraAgent.json,d1439b29c0307c1d2f38c7efa23aa56060e67ae4c90b39aa747ae10113457916
Manifests/MicrosoftWvdMultimediaRedirection.json,d5fc4431409205cc25aa00780b1d73988979972f8741b7515baf020ce9c50cf4
Manifests/MicrosoftWvdRemoteDesktop.json,456f10a2ecfbbade065880fcc2cc8ef74e3f6d60ca23fce861b119d83863a820
Manifests/MicrosoftWvdRtcService.json,8d876340d8b7c08718d91659f5fb7976213ad55aba12fb15b99971e89fe08058
Manifests/MiniZincIDE.json,e3a4a22a503c0c769bc839858dacef2fa0fddf70b1259e9bccaeb1217b9446d4
Manifests/Miniconda.json,7ebd67d3ab00bd5027628a1447a74dca6372bfb09553a357f582af630fe0abc1
Manifests/Minitab.json,e6a3d4f065c8184a9683344f7b324fcc48c169ef0ea7580abcb1c853470fcd86
Manifests/MirantisLens.json,b68398865ca5333ffe9e772882c2a8013569a2b80b0e9fe98a6d74ef0482e555
Manifests/MozillaFirefox.json,ebf21f70d7103080acef17f662f3f028b3b4333bbac2a0a651277e3d591f9fef
Manifests/MozillaGeckoDriver.json,a117a57695a0da6e17b88546050e033f22986c22f2ce30025efecb7b6ce8bc44
Manifests/MozillaThunderbird.json,923fefc03d74956d9e226fd04bdc9b1af4da57b909d5e4a39a56e2fcc0cbab53
Manifests/MuseScore.json,7ff410bbbc65793502dbe6f0f457893eba11db730357ae1c407aa358d1f12764
Manifests/NETworkManager.json,26e28ec996dfa7da080e740e2a720faaabcfafbee70f59982338a0b29d9eceb5
Manifests/NSClient.json,06ab88bf13cd69d9bc0d8a4cc68f555434682f3b05fae6671bc21b88602b3d61
Manifests/NagiosCrossPlatformAgent.json,7974aaf629f280589234f67c25553e8c4405c8109cc5654a8368cb5749ea0ebc
Manifests/NanaZip.json,a1df18f954a10c448b9380cf58ee17706494b3edd7ad5ba755a06edd8ee28170
Manifests/Naps2.json,7cc34e098bad7c0db64f9ff95dd1ca982186b76a0305d37bdf679d4e558e325d
Manifests/NavimaticsWinFSP.json,3e253c62de444669c7fb886de60e410eb466542ba3034159ead0a44f682d9361
Manifests/NetPad.json,9d3ff22a8ad07c86ec1fb8095b3d24a38d3a179f0500c15e343fe77a455af155
Manifests/NevcairielLAVFilters.json,18d263b41004e459d65412cf87528f5bd02725acc0f5776adc65e35ef3695579
Manifests/NextcloudDesktop.json,328ea6d663d32a7d351923b3aac1ddb4fc59e1ad178aa75986b1f878c4f5f03a
Manifests/NodeJs.json,751a5617f8ef2fc22e5e51039c03c30f8bf23688dd2157588f51fae93b2a3e4b
Manifests/NodeVersionManager.json,3f81750958444d8defd0a9e2cd0e7ab8d8b9c49628ea91dcdb94a4ec94493e2f
Manifests/Nomacs.json,c5a811fd5bf47b934e8c2d601b81576cdcedce087f2e83a172e3100f4b657344
Manifests/Notable.json,6c230f8a34c496e691adc1406f83e2c44b517c30f98994b2c87cf7861c247d2d
Manifests/NotepadPlusPlus.json,11494f3370582c84dc508f09a5ab3410296e7c680eac29dc64fca01fc2179901
Manifests/Npcap.json,afd7c4cb705142add9fc2ab62914d43fbaccf080d1b9c15f898186cf51ee9d4c
Manifests/OBSStudio.json,083afaadc66fd1f9ee69f2061cad5c82b2f6340666a2e7163fb01b20a7b43bff
Manifests/OBSStudioAlt.json,0b73c902aee1d90909a70082081a8cd46d201ae2a671b91a7be775208e1ad95a
Manifests/OCSInventoryWindowsAgent.json,7cf7635355a8951f45f5904a9535ef8e9a996ee97f03934f44d92deafd9bbaa6
Manifests/Obsidian.json,5d3b7511a50b9c930d9cc3c2d15040a7ecb95741cdd6d1fb692d00fe16f34fe2
Manifests/OctopusDeployServer.json,d516204b936fae2ff9929736fdc83c1e37db5996bf5e12ac754989034392fb04
Manifests/OctopusTentacle.json,6d139e7e705653956f0c42b5eaff6405d6624f7b8281cb92a277eee30a145b09
Manifests/OmnissaDynamicEnvironmentManager.json,0aed99fced6be0ea6f5782d77ff1babc831c9dd8f88dbf8d94980a7d46b113ac
Manifests/OmnissaHorizonClient.json,1240c43a693dd4ab22e691c57ec4ef4d13c0afc025fbc86244b5135a47255851
Manifests/OmnissaOSOptimizationTool.json,5b63fdf1c779cd133f4b89542c72e926d1a26fe5a01c582aa10af0753b1e2be1
Manifests/OnlyOfficeDesktopEditors.json,66068875d5fd0237694ece4accc9a3f80fa4375d297942999d3c00edcde73f90
Manifests/OpenLens.json,c760f8c8b93595f768691fe90b489e531169bcddc5597dca346a0b4e38b87ab8
Manifests/OpenShellMenu.json,942cd9f5aa433665155c56c31556ee0d68b550cc08945565ea2df8085821b3ae
Manifests/OpenWebStart.json,0a5464625570a186e20d3917c9a81e58b54e8ad8e8d39148c93b41d36c65bdb1
Manifests/OperaBrowser.json,69bceb18056101d75c71a203213f9767e598d5b27b858ed1da529bec0d972b6d
Manifests/OperaCryptoBrowser.json,39f8e3af7e47e5f1b57f91ca712dda6b50fc31878c652be862daba1e53a4baf7
Manifests/OperaGXBrowser.json,765133889eba3da06d9a62305979bc2cdaafd7b6f83d8b7643efc639fdc1e0f1
Manifests/OracleJava17.json,c94495cec7134c2bb9f4b1ec997cd7dbcc9fa71160a230a0e09ec69fcbcf7c60
Manifests/OracleJava20.json,00530c0198bab686f0abd2c2688833c9665a634788a5602ec2c40ca61a054e8e
Manifests/OracleJava21.json,dac352fae87bdb768cd2af4505186597fbb33478e026f53043ede4e9b9d45311
Manifests/OracleJava22.json,fe00de8edec5474adc1f27e36366903d234b5bb11fac28d96613563f9e491ef5
Manifests/OracleJava23.json,1a253db818f901ca76d9b084e084cf2a31af5fddc9c69f636f57bdd56a86e08e
Manifests/OracleJava8.json,1ea754daa3d07896eae0b45bd536e6ea63e023fae6ef7131794671b259e57f40
Manifests/OracleVirtualBox.json,8507d7e2c7ad1538074a04e548cd9dd97fb0325f78b644aa41daa96b40ea77b2
Manifests/PDFArranger.json,df254e1bcd3cc800db544256a69d482ea81d6fb3f2b1f68ea204df8984bd36f7
Manifests/PDFForgePDFCreator.json,52570a983ff75c11253b61d5a2ecbf419be374dc1f0e6510d325b933a80d4fd0
Manifests/PSAppDeployToolkit.json,269888159edd96bc3d3532a983f9f8e8316b366db640c4f847964443c090d374
Manifests/PSFPython.json,a0274231238e021b667be374b0ceac0930d1f33418788db89cf035a275e00656
Manifests/PaintDotNet.json,2a0cc0a018661bb6e04010ceaed1cff6cb1ec933b6fa05d154aadeae8cfa1b26
Manifests/PaintDotNetOfflineInstaller.json,68aca7e12d1889bcd034ff4e5d1240cf19177822e621f0f2e1823b1afb543169
Manifests/PaloAltoGlobalProtect.json,5c147deb0f403b2d138f3c02a7578b2cc95a558644353bf1ba71bc307373e966
Manifests/Pandoc.json,65b0150ceab0cd33f4bacbfb56faa4c121ed704eea0386b4bc8c1bd49a337f59
Manifests/ParallelsClient.json,fd665e95e6811c7a653b0370a1e055ef540bd98d354ba4757d846a4133206297
Manifests/PeaZipPeaZip.json,09376862d42aabb149c50338ce9a552c06e0cca26a164f4f6ff792e5ce8e16ef
Manifests/PiriformCCleanerFree.json,9bc5797dcfa8cdc29dbdc65fbdaf94407009c193407e73ccd6d5b848cd0573aa
Manifests/PlexDesktop.json,676b0bce9b4bfb67e267a3a725f2a824fceb300728fa4672aa0bfdc94171ad26
Manifests/PlexHTPC.json,6e9e74f5df1a3092c2b33af76cd9a88d9f2e19160038aede3acf95b3555b93bb
Manifests/PlexMediaServer.json,0a2e8c94f6d8c64224f5c1805f1a4f808421014d33de1808f46af2a80dafc7a7
Manifests/Podman.json,51cb7c2040d4a69cac19356f8e5dbc7382bdc6b5b9f26deba243d3d5d55396eb
Manifests/PodmanDesktop.json,85368504135efa7fb9158561e751a6d813010cd7e3dfd36977a701df9273d994
Manifests/PositRStudio.json,e2beafa3be57e0cd8f5f7ce8f205c3cf804f29ba4638797971a87c4157c7d54b
Manifests/Postman.json,c41f2098e3fcfc8bcf2978791793a1b0442df0f6b04cc33a4712ac8a4e9569fe
Manifests/Praat.json,73880ba2ee88670c13f567ec8bc5573fa2503efc792cc0e41f5602b26f9867d7
Manifests/ProgressChefInSpec.json,95804d6399b0c83e3e8f21b8d333dfc1623678ae90fa5229873b533ed8627240
Manifests/ProgressChefInfraClient.json,c25b30304e0c0e378181640f70bf7749cf101b46ebafc766e729249123455267
Manifests/ProgressChefWorkstation.json,f02f2fe18e8c9dfeb37962acd7571bb3787c63b7560e8d1c35732bd13c30d186
Manifests/ProjectLibre.json,2dcb355cc81314c53aa8ae977de38b3b2f55c6b531dfdf27fc0f008325770944
Manifests/Protege.json,c0443b9c72af9ac1c03e6745b3f11c5b4e753b2600fc43f09da292fcf73cf3e7
Manifests/ProtonDrive.json,b5d0ef4a54721090d1f67287c51e7619fc589a5fed568dedd42e847aa6155f3f
Manifests/ProtonVPN.json,6b3ddebd008efe87b39abb56c8031a59475d442e66a59d4607ae3cad30f77ad2
Manifests/Proxyman.json,4aa47534fdfbe3ec9192a9099d360eb715f34e8fdecd7653ccf1915e1596a11a
Manifests/PuTTY.json,5d89ce7267cf159ab0b4b64aa547d2fba04a433f88de2543b8cd2334dfb7a066
Manifests/Python.json,35fec961d32066ccb800931d36e115761f9dec759f9b62bd6bb408e46f164149
Manifests/QGIS.json,52d965997e15b108537373e303ab3ad569058e15baa480e5429542d4e04bbc53
Manifests/RCoreTeamRforWindows.json,ebe810267d2b762b59f1e2b404da5f0dd5f478e64ac35d3c37903355fc2fc030
Manifests/RDAnalyzer.json,a1b8b29d1fcb5d9fc3b67ced45ec5870cb6391c76ad7bdc1204430b3ce2fb0ef
Manifests/RedHatOpenJDK17.json,60836010ce74c22b9a74bd6d1ac1d0e43f063db88119d57407dd437e861ee1c1
Manifests/RedHatOpenJDK21.json,d6c7a4563e833c27b992a22da31a7ffdcc8495ad6b715efc234bf179ce5a5989
Manifests/RedHatOpenJDK8.json,9cd6d73c2a430415b41c7c9452c93e90672e8feaedb8dda7a3da57f584497b77
Manifests/ResponsivelyApp.json,af7b43c0fa38448c3350e9929d8741c491ebde653dbd4129b17bc15c883259ce
Manifests/RingCentral.json,c09af994561105423f51c9f3bb2fb2a15c8413a54588e89e095bdcf3bdc7485e
Manifests/RizonesoftNotepad3.json,afbc9406387736f06a4167797ba7e2b4d6736da04667fd4316479922bc758142
Manifests/SAGAGIS.json,62890c2f706729e11cf69f8ac19347b52cdd270d4857d757b2df177f1b301b42
Manifests/SUSERancherDesktop.json,d310a94fae30e1cbf24e20900439bb66616d874b4328ab9428584b4fa82deddc
Manifests/SafeExamBrowser.json,d6e8a0c521bdf8fa12c1908969e3763985b4090a0c3fbbb61582978ac77f29d4
Manifests/SafingPortmaster.json,a7a099fad923d2a858bd67b1cf5d03875d9296f5ee0a4a26e5e3929b9ffb498f
Manifests/ScooterBeyondCompare.json,9ee06c1fc0414f93fa034fc530f60346542ef30b98f857d5e2009f7b66fd2d7b
Manifests/Scratch.json,877186ce1d18b5e3c083d073d1bb2adc009d5a151f8650c3f6476d5f30754ed6
Manifests/ScreenToGif.json,3ce0d5e573e3b204cdb6c4bf1ec7882ce83d5b0135b4f8011e2a288a59077cf7
Manifests/ShareX.json,b26d30114764803126d805c7b46c91e925c7c710a91313dd82d9e7d8d9fc7f4c
Manifests/SignalDesktop.json,b12d634dccca5d6924840ec359b6ad0ffad70229768fdd8d53e5ecaa13add16a
Manifests/Slack.json,038b86da82eac3b63804538526e2debe998f9ea05e7117b38d275f6ae00d6dee
Manifests/SmartBearSoapUI.json,277c90d8996a5cdcf3d1e2d401a540e43e3f8e982d67cff34dd7e201583fe3c7
Manifests/SoberLemurPDFSamBasic.json,dab4df68336e36f0a3352438fe0f3dd9b8dba8053dabeba4a87d07c85539853d
Manifests/StefansToolsgregpWin.json,e898f76dd60d11f359617ee8d32662015ce1f7421549751ada19a93f0b82444f
Manifests/SumatraPDFReader.json,3a8dfc8579606ddb96ecb7856178d77742ede90f260d02895519cbebc39fa521
Manifests/TPGiColourContrastAnalyser.json,a91b82538bb26b9cac9f21ae76620ec805e4bd6e246840918435337c596e939a
Manifests/TableauDesktop.json,f5da4851048b1f24d5454ca83dac1630eba983cfd06a7f8ab5a418cb47417c0f
Manifests/TableauPrep.json,644a9df3f3c45f6a7d64ea5f922f3501dadd5adaea69b1de936302f1f3ca7fa6
Manifests/TableauReader.json,5aa00d4465ee91dddfc8fac2cd6a306091e789eb7612dca05f8b548568c1a057
Manifests/TeXstudio.json,4fd552e78647e405ba4e7e9d3397872a8684f7b1740ed936d3b378a84bfaa39d
Manifests/TeamViewer.json,4cd097bacde268880ef82c3df763e76ffdf908943492852e4549330b19ecc03c
Manifests/TechSmithCamtasia.json,62efbc60af8cc321fd5ade8babd8309dbdf124b177a6c215b2be59958e500ce1
Manifests/TechSmithSnagit.json,9caf28bbbd743a6b8ae578f707ffa358458af69f8e6b39e9eda3a770b91384da
Manifests/TelegramDesktop.json,f1ceb5e4549a9ffa529c31c146eeac67d66d7a647789c453c26dc7ccf35d7ab5
Manifests/TelerikFiddlerClassic.json,3561b198ab3f09c9f02da0d974c71b679e104c8c72cea2aa407671641e138ba7
Manifests/TelerikFiddlerEverywhere.json,9072f8d536d06b2c504a90e13f3e0c31ba3db166e0f37b13497e6ebaac24b195
Manifests/TeraTerm.json,c924c4d78473566e5006bb0aa2e16ee8c77db8c32238c6b81de8cf50a7891d62
Manifests/Terminals.json,e7d37e3cb9e321215f7c8774bb058ee273862d844e0d4ba07dda8c046836d0f2
Manifests/ThoriumReader.json,85797e654f00d683e37cdca8e829269062bcb111562f35288b40394a3ca99042
Manifests/ThymioSuite.json,9baccaa628188951c4344cee0a8549580cc52f94705dbab417e2950a4eaa9713
Manifests/TogglDesktop.json,94d403240c6ffe34631a3eb1b2618f65240ec6daf5e2720ea11110fdac04af5c
Manifests/TorProjectTorBrowser.json,1862d6b648e4a80912d913e93cd7117e3ee556f08a7c33afd4198acfde3b2e82
Manifests/Tower.json,32b13a6dc5c45c4aaf74191ccfb5eb7426179fbf8c63a2d54100f497b87ff505
Manifests/TrackerSoftwarePDFXChangeEditor.json,a7300492aa691160e3bd17b3d60ce4dd34bd872a0fb79ae5b8b0dad8e2fc89a7
Manifests/USBPcap.json,154107f7ea9fb499fe1946f8a9e24520115b3d47d57ef6e726bc3f13cc72d1ec
Manifests/UnityEditor.json,238f09efddc67be6cd6e6b0d772ebb04d3e85e0cb7004c413f43690c62d95db5
Manifests/VMPlexWorkstation.json,47523205f4f33f57ea403a1376b15730fe0e7d884880e0c38fe62bda09a1026c
Manifests/VMwareTools.json,99e9f0356523c4bfad282871a184479c0de1d5926a66437a2879a96e5100e63d
Manifests/VSCodium.json,0adabad11e2f80682483acad10aa03571861b722cdd389f574374b6d06704585
Manifests/VastLimitsUberAgent.json,e64c497a398ff50fe45c797f684bf72fbd5454c6201ba9d4495cef97261b5e73
Manifests/VeraCrypt.json,a05a3ef16ac06a937571d2f2b882a1d98b1c81cc31757065d08a7f179f8a6783
Manifests/VercelHyper.json,d52dc5d1a91d8e866b2403c3829115bed936d269fd64ff96c1deb0f50a831297
Manifests/VideoLanVlcPlayer.json,f5c8e1922012620bd7d5ca1d509516b1b8847a636d237f19029b9c71030a8246
Manifests/VisualCppRedistAIO.json,fab6225545d14f651837f8cc411937249ea9032a2180521c6ea038d33eed9f02
Manifests/Win32OpenSSH.json,dbe1d185311db350ec96a34908154f989d1dab0e353fb65ce4f6ba609a1051c3
Manifests/WinMerge.json,41ab2d624e65aad92a787d2444c582b720a124e6e846caecd854b2fec0ee653f
Manifests/WinSCP.json,8cba2dbaa3a7f0021a1d24166cb1034341501c5e821c63fd05492b24e8f0442a
Manifests/WindowsEnterpriseDefaults.json,e92b76e1d8bf09d599367b4d268ce83e5a2002a6ad7981c3020c8f6adc4009a5
Manifests/Wireshark.json,bf546f6648d148c86971278420899a28b49b2a89bd592fdce8d8013cb06d314b
Manifests/WixToolset.json,c01a797f6050c5767fd3969c58fb0d537f302a8e4644d015056cca864e0c1edf
Manifests/XnSoftXnConvert.json,d3fadba35a6dea19ba4ce0536d23848b84935f0ce05c55fd40cd22fc47d1295c
Manifests/XnSoftXnViewMP.json,5c80d73f7bf40578e9b3e572e6264c62023248a5880851b528fd2b1fd6a7aed2
Manifests/YubicoAuthenticator.json,06c7748c8ae5614a608f52a4bd97f7ae3223baaef53a392e9dd0cea79e025acc
Manifests/Zoom.json,4a719348c3991564e91deeb5b269c46c7937b0635da51710c3dd77df242be86c
Manifests/ZoomVDI.json,2d9ba50b1503c49f445c1b53ebf1e28e54646d21b383ad1127b9836f85ad2649
Manifests/ZorgmailVeiligVerzendenAddin.json,069670c80a31c93839457b376bcfcc61350dcac9f87580605a32bf2e5798bf19
Manifests/Zotero.json,ba4c803c2a72cb5d7cde5ebcd2f04ff8091543c11d2e577c5498c867675a738b
Manifests/dbeaver.json,43fe9be1275113323ed7e238a17d113678380c0eb80162074f139d16ef63f09c
Manifests/deviceTRUST.json,5fd006ade292067400ff2820e82c131e2fc04ac982f3d30a1fa98296ec88c17b
Manifests/dnGrep.json,85c82c4a40ae54b71775f5d6f9bfdcc1ed6546c43253990fe20238ae01707b32
Manifests/gretl.json,c7f5e8e02b815c4da31969b6db8e34a0a815d5b775ad8b52e1459e558bde4a80
Manifests/gsudo.json,18094c98fefadc5fc9b83b2016c633bd7224cfa80601116f0cd047710b965719
Manifests/jq.json,9e1fd38ce6ec7885031e3fb792f3819941302d2f681079cb6965950842a7b238
Manifests/jrsoftwareInnoSetup.json,b02f08155f9621022f43d15d26e73922874f28ced6ad223673ea17fe4b838f18
Manifests/mRemoteNG.json,2dee16af4e08f30edb1fae61dacf58131a7da5be837fb051557ded900ccae8a4
Manifests/mySQLConnectorNET.json,e24672b22ddfca22e76e2d8ffb7a6741b7ba766e4a0a170c17d253d38a5a4186
Manifests/mySQLConnectorODBC.json,309c8a5a1670959fba25fd8914ba0ec93e60091f9b3322f37a17bd6c282a1faa
Manifests/mySQLWorkbench.json,8d799185adebe665808cd879b3148314698d91d8413e5924f5a8797323c1d0cf
Manifests/voidtoolsEverything.json,2179213fdea93c63cefe736431a277c92a1364c86376fb77d54c0ca9e380471d
